state,year,CON_6m,enacted_first,repealed,reinstated_CON_ind,enacted_second,note
alabama,1964,0,1979-07-30T00:00:00Z,2025-07-17T00:00:00Z,N,NA,NA
alaska,1964,0,1976-07-01T00:00:00Z,2025-07-17T00:00:00Z,N,NA,NA
arizona,1964,0,1975-06-12T00:00:00Z,1985-03-15T00:00:00Z,N,NA,Certificate of Necessity for ambulances passed in 1993
arkansas,1964,0,1975-03-25T00:00:00Z,1987-01-01T00:00:00Z,Y,1987-01-01T00:00:00Z,"Reinstated Permit of Approval program, more relaxed CON law"
california,1964,0,1976-09-09T00:00:00Z,1987-01-01T00:00:00Z,N,NA,NA
colorado,1964,0,1973-05-30T00:00:00Z,1987-07-01T00:00:00Z,N,NA,NA
connecticut,1964,0,1973-07-01T00:00:00Z,2025-07-17T00:00:00Z,N,NA,"CON for Long Term Care Facilities became effective July 1, 1993"
delaware,1964,0,1978-06-30T00:00:00Z,2025-07-17T00:00:00Z,N,NA,NA
florida,1964,0,1973-07-01T00:00:00Z,2025-07-17T00:00:00Z,N,NA,NA
georgia,1964,0,1979-07-01T00:00:00Z,2025-07-17T00:00:00Z,N,NA,NA
hawaii,1964,0,1975-07-01T00:00:00Z,2025-07-17T00:00:00Z,N,NA,NA
idaho,1964,0,1980-03-20T00:00:00Z,1983-07-01T00:00:00Z,N,NA,CON expired in 1983 but repealed in 2004
illinois,1964,0,1974-07-01T00:00:00Z,2025-07-17T00:00:00Z,N,NA,"CON laws subject to review December 31st, 2029"
indiana,1964,0,1980-01-01T00:00:00Z,1999-01-01T00:00:00Z,Y,2019-01-01T00:00:00Z,No CON laws in 1996; 2018 CON law only applies to nursing homes
iowa,1964,0,1978-07-01T00:00:00Z,2025-07-17T00:00:00Z,N,NA,NA
kansas,1964,0,1972-03-21T00:00:00Z,1985-04-23T00:00:00Z,N,NA,NA
kentucky,1964,0,1972-07-01T00:00:00Z,2025-07-17T00:00:00Z,N,NA,NA
louisiana,1964,0,1990-07-06T00:00:00Z,2025-07-17T00:00:00Z,N,NA,NA
maine,1964,0,1978-03-30T00:00:00Z,2025-07-17T00:00:00Z,N,NA,NA
maryland,1964,0,1968-01-01T00:00:00Z,2025-07-17T00:00:00Z,N,NA,NA
massachusetts,1964,0,1972-06-01T00:00:00Z,2025-07-17T00:00:00Z,N,NA,NA
michigan,1964,0,1972-08-08T00:00:00Z,2025-07-17T00:00:00Z,N,NA,NA
minnesota,1964,0,1971-07-01T00:00:00Z,2025-07-17T00:00:00Z,N,NA,"Hospital moratorium from 1984 to June 30, 1987; 2004 public review"
mississippi,1964,0,1979-07-01T00:00:00Z,2025-07-17T00:00:00Z,N,NA,NA
missouri,1964,0,1980-10-01T00:00:00Z,2025-07-17T00:00:00Z,N,NA,NA
montana,1964,0,1975-04-16T00:00:00Z,2025-07-17T00:00:00Z,N,NA,"Repealed CON in 2019, generally, except for long-term care facilities"
nebraska,1964,0,1979-05-22T00:00:00Z,2025-07-17T00:00:00Z,N,NA,NA
nevada,1964,0,1972-07-01T00:00:00Z,2025-07-17T00:00:00Z,N,NA,NA
new hampshire,1964,0,1979-07-01T00:00:00Z,2025-07-17T00:00:00Z,N,NA,"Repealed CON June 30, 2016 and immediately implemented quasi-CON July 1, 2016"
new jersey,1964,0,1971-05-10T00:00:00Z,2025-07-17T00:00:00Z,N,NA,NA
new mexico,1964,0,1978-03-06T00:00:00Z,1981-01-01T00:00:00Z,N,NA,"Repealed CON, except for ambulance services"
new york,1964,0,1964-10-01T00:00:00Z,2025-07-17T00:00:00Z,N,NA,NA
north carolina,1964,0,1971-07-21T00:00:00Z,1973-03-28T00:00:00Z,Y,1979-01-01T00:00:00Z,NA
north dakota,1964,0,1971-03-27T00:00:00Z,1995-01-01T00:00:00Z,N,NA,NA
ohio,1964,0,1975-08-25T00:00:00Z,2025-07-17T00:00:00Z,N,NA,"Amendments added in March 15, 1979 and only regulates long-term care now"
oklahoma,1964,0,1971-04-08T00:00:00Z,2025-07-17T00:00:00Z,N,NA,"Repealed CON for Psychiatric and Chemical Dependency Facilities passed in 1989 on May 6, 2024"
oregon,1964,0,1971-07-01T00:00:00Z,2025-07-17T00:00:00Z,N,NA,NA
pennsylvania,1964,0,1979-10-01T00:00:00Z,1996-12-31T00:00:00Z,N,NA,"Original expiration date was December 31, 1992 but legislature extended law by 4-years"
rhode island,1964,0,1969-01-01T00:00:00Z,2025-07-17T00:00:00Z,N,NA,NA
south carolina,1964,0,1971-06-03T00:00:00Z,2025-07-17T00:00:00Z,N,NA,"CON laws subject to review January, 2027"
south dakota,1964,0,1972-02-09T00:00:00Z,1988-01-01T00:00:00Z,N,NA,NA
tennessee,1964,0,1973-07-01T00:00:00Z,2025-07-17T00:00:00Z,N,NA,NA
texas,1964,0,1971-05-26T00:00:00Z,1985-01-01T00:00:00Z,N,NA,NA
utah,1964,0,1979-05-08T00:00:00Z,1984-12-31T00:00:00Z,N,NA,NA
vermont,1964,0,1979-05-08T00:00:00Z,2025-07-17T00:00:00Z,N,NA,NA
virginia,1964,0,1973-03-09T00:00:00Z,2025-07-17T00:00:00Z,N,NA,NA
washington,1964,0,1979-05-11T00:00:00Z,2025-07-17T00:00:00Z,N,NA,NA
west virginia,1964,0,1977-07-08T00:00:00Z,2025-07-17T00:00:00Z,N,NA,NA
wisconsin,1964,0,1977-01-01T00:00:00Z,1987-08-06T00:00:00Z,Y,1992-05-12T00:00:00Z,"Reenacted approval process, “quasi-CON”"
wyoming,1964,0,1977-05-27T00:00:00Z,2025-07-17T00:00:00Z,N,NA,"Repealed CON in March 13, 1987, except for nursing homes"
alabama,1965,0,1979-07-30T00:00:00Z,2025-07-17T00:00:00Z,N,NA,NA
alaska,1965,0,1976-07-01T00:00:00Z,2025-07-17T00:00:00Z,N,NA,NA
arizona,1965,0,1975-06-12T00:00:00Z,1985-03-15T00:00:00Z,N,NA,Certificate of Necessity for ambulances passed in 1993
arkansas,1965,0,1975-03-25T00:00:00Z,1987-01-01T00:00:00Z,Y,1987-01-01T00:00:00Z,"Reinstated Permit of Approval program, more relaxed CON law"
california,1965,0,1976-09-09T00:00:00Z,1987-01-01T00:00:00Z,N,NA,NA
colorado,1965,0,1973-05-30T00:00:00Z,1987-07-01T00:00:00Z,N,NA,NA
connecticut,1965,0,1973-07-01T00:00:00Z,2025-07-17T00:00:00Z,N,NA,"CON for Long Term Care Facilities became effective July 1, 1993"
delaware,1965,0,1978-06-30T00:00:00Z,2025-07-17T00:00:00Z,N,NA,NA
florida,1965,0,1973-07-01T00:00:00Z,2025-07-17T00:00:00Z,N,NA,NA
georgia,1965,0,1979-07-01T00:00:00Z,2025-07-17T00:00:00Z,N,NA,NA
hawaii,1965,0,1975-07-01T00:00:00Z,2025-07-17T00:00:00Z,N,NA,NA
idaho,1965,0,1980-03-20T00:00:00Z,1983-07-01T00:00:00Z,N,NA,CON expired in 1983 but repealed in 2004
illinois,1965,0,1974-07-01T00:00:00Z,2025-07-17T00:00:00Z,N,NA,"CON laws subject to review December 31st, 2029"
indiana,1965,0,1980-01-01T00:00:00Z,1999-01-01T00:00:00Z,Y,2019-01-01T00:00:00Z,No CON laws in 1996; 2018 CON law only applies to nursing homes
iowa,1965,0,1978-07-01T00:00:00Z,2025-07-17T00:00:00Z,N,NA,NA
kansas,1965,0,1972-03-21T00:00:00Z,1985-04-23T00:00:00Z,N,NA,NA
kentucky,1965,0,1972-07-01T00:00:00Z,2025-07-17T00:00:00Z,N,NA,NA
louisiana,1965,0,1990-07-06T00:00:00Z,2025-07-17T00:00:00Z,N,NA,NA
maine,1965,0,1978-03-30T00:00:00Z,2025-07-17T00:00:00Z,N,NA,NA
maryland,1965,0,1968-01-01T00:00:00Z,2025-07-17T00:00:00Z,N,NA,NA
massachusetts,1965,0,1972-06-01T00:00:00Z,2025-07-17T00:00:00Z,N,NA,NA
michigan,1965,0,1972-08-08T00:00:00Z,2025-07-17T00:00:00Z,N,NA,NA
minnesota,1965,0,1971-07-01T00:00:00Z,2025-07-17T00:00:00Z,N,NA,"Hospital moratorium from 1984 to June 30, 1987; 2004 public review"
mississippi,1965,0,1979-07-01T00:00:00Z,2025-07-17T00:00:00Z,N,NA,NA
missouri,1965,0,1980-10-01T00:00:00Z,2025-07-17T00:00:00Z,N,NA,NA
montana,1965,0,1975-04-16T00:00:00Z,2025-07-17T00:00:00Z,N,NA,"Repealed CON in 2019, generally, except for long-term care facilities"
nebraska,1965,0,1979-05-22T00:00:00Z,2025-07-17T00:00:00Z,N,NA,NA
nevada,1965,0,1972-07-01T00:00:00Z,2025-07-17T00:00:00Z,N,NA,NA
new hampshire,1965,0,1979-07-01T00:00:00Z,2025-07-17T00:00:00Z,N,NA,"Repealed CON June 30, 2016 and immediately implemented quasi-CON July 1, 2016"
new jersey,1965,0,1971-05-10T00:00:00Z,2025-07-17T00:00:00Z,N,NA,NA
new mexico,1965,0,1978-03-06T00:00:00Z,1981-01-01T00:00:00Z,N,NA,"Repealed CON, except for ambulance services"
new york,1965,1,1964-10-01T00:00:00Z,2025-07-17T00:00:00Z,N,NA,NA
north carolina,1965,0,1971-07-21T00:00:00Z,1973-03-28T00:00:00Z,Y,1979-01-01T00:00:00Z,NA
north dakota,1965,0,1971-03-27T00:00:00Z,1995-01-01T00:00:00Z,N,NA,NA
ohio,1965,0,1975-08-25T00:00:00Z,2025-07-17T00:00:00Z,N,NA,"Amendments added in March 15, 1979 and only regulates long-term care now"
oklahoma,1965,0,1971-04-08T00:00:00Z,2025-07-17T00:00:00Z,N,NA,"Repealed CON for Psychiatric and Chemical Dependency Facilities passed in 1989 on May 6, 2024"
oregon,1965,0,1971-07-01T00:00:00Z,2025-07-17T00:00:00Z,N,NA,NA
pennsylvania,1965,0,1979-10-01T00:00:00Z,1996-12-31T00:00:00Z,N,NA,"Original expiration date was December 31, 1992 but legislature extended law by 4-years"
rhode island,1965,0,1969-01-01T00:00:00Z,2025-07-17T00:00:00Z,N,NA,NA
south carolina,1965,0,1971-06-03T00:00:00Z,2025-07-17T00:00:00Z,N,NA,"CON laws subject to review January, 2027"
south dakota,1965,0,1972-02-09T00:00:00Z,1988-01-01T00:00:00Z,N,NA,NA
tennessee,1965,0,1973-07-01T00:00:00Z,2025-07-17T00:00:00Z,N,NA,NA
texas,1965,0,1971-05-26T00:00:00Z,1985-01-01T00:00:00Z,N,NA,NA
utah,1965,0,1979-05-08T00:00:00Z,1984-12-31T00:00:00Z,N,NA,NA
vermont,1965,0,1979-05-08T00:00:00Z,2025-07-17T00:00:00Z,N,NA,NA
virginia,1965,0,1973-03-09T00:00:00Z,2025-07-17T00:00:00Z,N,NA,NA
washington,1965,0,1979-05-11T00:00:00Z,2025-07-17T00:00:00Z,N,NA,NA
west virginia,1965,0,1977-07-08T00:00:00Z,2025-07-17T00:00:00Z,N,NA,NA
wisconsin,1965,0,1977-01-01T00:00:00Z,1987-08-06T00:00:00Z,Y,1992-05-12T00:00:00Z,"Reenacted approval process, “quasi-CON”"
wyoming,1965,0,1977-05-27T00:00:00Z,2025-07-17T00:00:00Z,N,NA,"Repealed CON in March 13, 1987, except for nursing homes"
alabama,1966,0,1979-07-30T00:00:00Z,2025-07-17T00:00:00Z,N,NA,NA
alaska,1966,0,1976-07-01T00:00:00Z,2025-07-17T00:00:00Z,N,NA,NA
arizona,1966,0,1975-06-12T00:00:00Z,1985-03-15T00:00:00Z,N,NA,Certificate of Necessity for ambulances passed in 1993
arkansas,1966,0,1975-03-25T00:00:00Z,1987-01-01T00:00:00Z,Y,1987-01-01T00:00:00Z,"Reinstated Permit of Approval program, more relaxed CON law"
california,1966,0,1976-09-09T00:00:00Z,1987-01-01T00:00:00Z,N,NA,NA
colorado,1966,0,1973-05-30T00:00:00Z,1987-07-01T00:00:00Z,N,NA,NA
connecticut,1966,0,1973-07-01T00:00:00Z,2025-07-17T00:00:00Z,N,NA,"CON for Long Term Care Facilities became effective July 1, 1993"
delaware,1966,0,1978-06-30T00:00:00Z,2025-07-17T00:00:00Z,N,NA,NA
florida,1966,0,1973-07-01T00:00:00Z,2025-07-17T00:00:00Z,N,NA,NA
georgia,1966,0,1979-07-01T00:00:00Z,2025-07-17T00:00:00Z,N,NA,NA
hawaii,1966,0,1975-07-01T00:00:00Z,2025-07-17T00:00:00Z,N,NA,NA
idaho,1966,0,1980-03-20T00:00:00Z,1983-07-01T00:00:00Z,N,NA,CON expired in 1983 but repealed in 2004
illinois,1966,0,1974-07-01T00:00:00Z,2025-07-17T00:00:00Z,N,NA,"CON laws subject to review December 31st, 2029"
indiana,1966,0,1980-01-01T00:00:00Z,1999-01-01T00:00:00Z,Y,2019-01-01T00:00:00Z,No CON laws in 1996; 2018 CON law only applies to nursing homes
iowa,1966,0,1978-07-01T00:00:00Z,2025-07-17T00:00:00Z,N,NA,NA
kansas,1966,0,1972-03-21T00:00:00Z,1985-04-23T00:00:00Z,N,NA,NA
kentucky,1966,0,1972-07-01T00:00:00Z,2025-07-17T00:00:00Z,N,NA,NA
louisiana,1966,0,1990-07-06T00:00:00Z,2025-07-17T00:00:00Z,N,NA,NA
maine,1966,0,1978-03-30T00:00:00Z,2025-07-17T00:00:00Z,N,NA,NA
maryland,1966,0,1968-01-01T00:00:00Z,2025-07-17T00:00:00Z,N,NA,NA
massachusetts,1966,0,1972-06-01T00:00:00Z,2025-07-17T00:00:00Z,N,NA,NA
michigan,1966,0,1972-08-08T00:00:00Z,2025-07-17T00:00:00Z,N,NA,NA
minnesota,1966,0,1971-07-01T00:00:00Z,2025-07-17T00:00:00Z,N,NA,"Hospital moratorium from 1984 to June 30, 1987; 2004 public review"
mississippi,1966,0,1979-07-01T00:00:00Z,2025-07-17T00:00:00Z,N,NA,NA
missouri,1966,0,1980-10-01T00:00:00Z,2025-07-17T00:00:00Z,N,NA,NA
montana,1966,0,1975-04-16T00:00:00Z,2025-07-17T00:00:00Z,N,NA,"Repealed CON in 2019, generally, except for long-term care facilities"
nebraska,1966,0,1979-05-22T00:00:00Z,2025-07-17T00:00:00Z,N,NA,NA
nevada,1966,0,1972-07-01T00:00:00Z,2025-07-17T00:00:00Z,N,NA,NA
new hampshire,1966,0,1979-07-01T00:00:00Z,2025-07-17T00:00:00Z,N,NA,"Repealed CON June 30, 2016 and immediately implemented quasi-CON July 1, 2016"
new jersey,1966,0,1971-05-10T00:00:00Z,2025-07-17T00:00:00Z,N,NA,NA
new mexico,1966,0,1978-03-06T00:00:00Z,1981-01-01T00:00:00Z,N,NA,"Repealed CON, except for ambulance services"
new york,1966,1,1964-10-01T00:00:00Z,2025-07-17T00:00:00Z,N,NA,NA
north carolina,1966,0,1971-07-21T00:00:00Z,1973-03-28T00:00:00Z,Y,1979-01-01T00:00:00Z,NA
north dakota,1966,0,1971-03-27T00:00:00Z,1995-01-01T00:00:00Z,N,NA,NA
ohio,1966,0,1975-08-25T00:00:00Z,2025-07-17T00:00:00Z,N,NA,"Amendments added in March 15, 1979 and only regulates long-term care now"
oklahoma,1966,0,1971-04-08T00:00:00Z,2025-07-17T00:00:00Z,N,NA,"Repealed CON for Psychiatric and Chemical Dependency Facilities passed in 1989 on May 6, 2024"
oregon,1966,0,1971-07-01T00:00:00Z,2025-07-17T00:00:00Z,N,NA,NA
pennsylvania,1966,0,1979-10-01T00:00:00Z,1996-12-31T00:00:00Z,N,NA,"Original expiration date was December 31, 1992 but legislature extended law by 4-years"
rhode island,1966,0,1969-01-01T00:00:00Z,2025-07-17T00:00:00Z,N,NA,NA
south carolina,1966,0,1971-06-03T00:00:00Z,2025-07-17T00:00:00Z,N,NA,"CON laws subject to review January, 2027"
south dakota,1966,0,1972-02-09T00:00:00Z,1988-01-01T00:00:00Z,N,NA,NA
tennessee,1966,0,1973-07-01T00:00:00Z,2025-07-17T00:00:00Z,N,NA,NA
texas,1966,0,1971-05-26T00:00:00Z,1985-01-01T00:00:00Z,N,NA,NA
utah,1966,0,1979-05-08T00:00:00Z,1984-12-31T00:00:00Z,N,NA,NA
vermont,1966,0,1979-05-08T00:00:00Z,2025-07-17T00:00:00Z,N,NA,NA
virginia,1966,0,1973-03-09T00:00:00Z,2025-07-17T00:00:00Z,N,NA,NA
washington,1966,0,1979-05-11T00:00:00Z,2025-07-17T00:00:00Z,N,NA,NA
west virginia,1966,0,1977-07-08T00:00:00Z,2025-07-17T00:00:00Z,N,NA,NA
wisconsin,1966,0,1977-01-01T00:00:00Z,1987-08-06T00:00:00Z,Y,1992-05-12T00:00:00Z,"Reenacted approval process, “quasi-CON”"
wyoming,1966,0,1977-05-27T00:00:00Z,2025-07-17T00:00:00Z,N,NA,"Repealed CON in March 13, 1987, except for nursing homes"
alabama,1967,0,1979-07-30T00:00:00Z,2025-07-17T00:00:00Z,N,NA,NA
alaska,1967,0,1976-07-01T00:00:00Z,2025-07-17T00:00:00Z,N,NA,NA
arizona,1967,0,1975-06-12T00:00:00Z,1985-03-15T00:00:00Z,N,NA,Certificate of Necessity for ambulances passed in 1993
arkansas,1967,0,1975-03-25T00:00:00Z,1987-01-01T00:00:00Z,Y,1987-01-01T00:00:00Z,"Reinstated Permit of Approval program, more relaxed CON law"
california,1967,0,1976-09-09T00:00:00Z,1987-01-01T00:00:00Z,N,NA,NA
colorado,1967,0,1973-05-30T00:00:00Z,1987-07-01T00:00:00Z,N,NA,NA
connecticut,1967,0,1973-07-01T00:00:00Z,2025-07-17T00:00:00Z,N,NA,"CON for Long Term Care Facilities became effective July 1, 1993"
delaware,1967,0,1978-06-30T00:00:00Z,2025-07-17T00:00:00Z,N,NA,NA
florida,1967,0,1973-07-01T00:00:00Z,2025-07-17T00:00:00Z,N,NA,NA
georgia,1967,0,1979-07-01T00:00:00Z,2025-07-17T00:00:00Z,N,NA,NA
hawaii,1967,0,1975-07-01T00:00:00Z,2025-07-17T00:00:00Z,N,NA,NA
idaho,1967,0,1980-03-20T00:00:00Z,1983-07-01T00:00:00Z,N,NA,CON expired in 1983 but repealed in 2004
illinois,1967,0,1974-07-01T00:00:00Z,2025-07-17T00:00:00Z,N,NA,"CON laws subject to review December 31st, 2029"
indiana,1967,0,1980-01-01T00:00:00Z,1999-01-01T00:00:00Z,Y,2019-01-01T00:00:00Z,No CON laws in 1996; 2018 CON law only applies to nursing homes
iowa,1967,0,1978-07-01T00:00:00Z,2025-07-17T00:00:00Z,N,NA,NA
kansas,1967,0,1972-03-21T00:00:00Z,1985-04-23T00:00:00Z,N,NA,NA
kentucky,1967,0,1972-07-01T00:00:00Z,2025-07-17T00:00:00Z,N,NA,NA
louisiana,1967,0,1990-07-06T00:00:00Z,2025-07-17T00:00:00Z,N,NA,NA
maine,1967,0,1978-03-30T00:00:00Z,2025-07-17T00:00:00Z,N,NA,NA
maryland,1967,0,1968-01-01T00:00:00Z,2025-07-17T00:00:00Z,N,NA,NA
massachusetts,1967,0,1972-06-01T00:00:00Z,2025-07-17T00:00:00Z,N,NA,NA
michigan,1967,0,1972-08-08T00:00:00Z,2025-07-17T00:00:00Z,N,NA,NA
minnesota,1967,0,1971-07-01T00:00:00Z,2025-07-17T00:00:00Z,N,NA,"Hospital moratorium from 1984 to June 30, 1987; 2004 public review"
mississippi,1967,0,1979-07-01T00:00:00Z,2025-07-17T00:00:00Z,N,NA,NA
missouri,1967,0,1980-10-01T00:00:00Z,2025-07-17T00:00:00Z,N,NA,NA
montana,1967,0,1975-04-16T00:00:00Z,2025-07-17T00:00:00Z,N,NA,"Repealed CON in 2019, generally, except for long-term care facilities"
nebraska,1967,0,1979-05-22T00:00:00Z,2025-07-17T00:00:00Z,N,NA,NA
nevada,1967,0,1972-07-01T00:00:00Z,2025-07-17T00:00:00Z,N,NA,NA
new hampshire,1967,0,1979-07-01T00:00:00Z,2025-07-17T00:00:00Z,N,NA,"Repealed CON June 30, 2016 and immediately implemented quasi-CON July 1, 2016"
new jersey,1967,0,1971-05-10T00:00:00Z,2025-07-17T00:00:00Z,N,NA,NA
new mexico,1967,0,1978-03-06T00:00:00Z,1981-01-01T00:00:00Z,N,NA,"Repealed CON, except for ambulance services"
new york,1967,1,1964-10-01T00:00:00Z,2025-07-17T00:00:00Z,N,NA,NA
north carolina,1967,0,1971-07-21T00:00:00Z,1973-03-28T00:00:00Z,Y,1979-01-01T00:00:00Z,NA
north dakota,1967,0,1971-03-27T00:00:00Z,1995-01-01T00:00:00Z,N,NA,NA
ohio,1967,0,1975-08-25T00:00:00Z,2025-07-17T00:00:00Z,N,NA,"Amendments added in March 15, 1979 and only regulates long-term care now"
oklahoma,1967,0,1971-04-08T00:00:00Z,2025-07-17T00:00:00Z,N,NA,"Repealed CON for Psychiatric and Chemical Dependency Facilities passed in 1989 on May 6, 2024"
oregon,1967,0,1971-07-01T00:00:00Z,2025-07-17T00:00:00Z,N,NA,NA
pennsylvania,1967,0,1979-10-01T00:00:00Z,1996-12-31T00:00:00Z,N,NA,"Original expiration date was December 31, 1992 but legislature extended law by 4-years"
rhode island,1967,0,1969-01-01T00:00:00Z,2025-07-17T00:00:00Z,N,NA,NA
south carolina,1967,0,1971-06-03T00:00:00Z,2025-07-17T00:00:00Z,N,NA,"CON laws subject to review January, 2027"
south dakota,1967,0,1972-02-09T00:00:00Z,1988-01-01T00:00:00Z,N,NA,NA
tennessee,1967,0,1973-07-01T00:00:00Z,2025-07-17T00:00:00Z,N,NA,NA
texas,1967,0,1971-05-26T00:00:00Z,1985-01-01T00:00:00Z,N,NA,NA
utah,1967,0,1979-05-08T00:00:00Z,1984-12-31T00:00:00Z,N,NA,NA
vermont,1967,0,1979-05-08T00:00:00Z,2025-07-17T00:00:00Z,N,NA,NA
virginia,1967,0,1973-03-09T00:00:00Z,2025-07-17T00:00:00Z,N,NA,NA
washington,1967,0,1979-05-11T00:00:00Z,2025-07-17T00:00:00Z,N,NA,NA
west virginia,1967,0,1977-07-08T00:00:00Z,2025-07-17T00:00:00Z,N,NA,NA
wisconsin,1967,0,1977-01-01T00:00:00Z,1987-08-06T00:00:00Z,Y,1992-05-12T00:00:00Z,"Reenacted approval process, “quasi-CON”"
wyoming,1967,0,1977-05-27T00:00:00Z,2025-07-17T00:00:00Z,N,NA,"Repealed CON in March 13, 1987, except for nursing homes"
alabama,1968,0,1979-07-30T00:00:00Z,2025-07-17T00:00:00Z,N,NA,NA
alaska,1968,0,1976-07-01T00:00:00Z,2025-07-17T00:00:00Z,N,NA,NA
arizona,1968,0,1975-06-12T00:00:00Z,1985-03-15T00:00:00Z,N,NA,Certificate of Necessity for ambulances passed in 1993
arkansas,1968,0,1975-03-25T00:00:00Z,1987-01-01T00:00:00Z,Y,1987-01-01T00:00:00Z,"Reinstated Permit of Approval program, more relaxed CON law"
california,1968,0,1976-09-09T00:00:00Z,1987-01-01T00:00:00Z,N,NA,NA
colorado,1968,0,1973-05-30T00:00:00Z,1987-07-01T00:00:00Z,N,NA,NA
connecticut,1968,0,1973-07-01T00:00:00Z,2025-07-17T00:00:00Z,N,NA,"CON for Long Term Care Facilities became effective July 1, 1993"
delaware,1968,0,1978-06-30T00:00:00Z,2025-07-17T00:00:00Z,N,NA,NA
florida,1968,0,1973-07-01T00:00:00Z,2025-07-17T00:00:00Z,N,NA,NA
georgia,1968,0,1979-07-01T00:00:00Z,2025-07-17T00:00:00Z,N,NA,NA
hawaii,1968,0,1975-07-01T00:00:00Z,2025-07-17T00:00:00Z,N,NA,NA
idaho,1968,0,1980-03-20T00:00:00Z,1983-07-01T00:00:00Z,N,NA,CON expired in 1983 but repealed in 2004
illinois,1968,0,1974-07-01T00:00:00Z,2025-07-17T00:00:00Z,N,NA,"CON laws subject to review December 31st, 2029"
indiana,1968,0,1980-01-01T00:00:00Z,1999-01-01T00:00:00Z,Y,2019-01-01T00:00:00Z,No CON laws in 1996; 2018 CON law only applies to nursing homes
iowa,1968,0,1978-07-01T00:00:00Z,2025-07-17T00:00:00Z,N,NA,NA
kansas,1968,0,1972-03-21T00:00:00Z,1985-04-23T00:00:00Z,N,NA,NA
kentucky,1968,0,1972-07-01T00:00:00Z,2025-07-17T00:00:00Z,N,NA,NA
louisiana,1968,0,1990-07-06T00:00:00Z,2025-07-17T00:00:00Z,N,NA,NA
maine,1968,0,1978-03-30T00:00:00Z,2025-07-17T00:00:00Z,N,NA,NA
maryland,1968,1,1968-01-01T00:00:00Z,2025-07-17T00:00:00Z,N,NA,NA
massachusetts,1968,0,1972-06-01T00:00:00Z,2025-07-17T00:00:00Z,N,NA,NA
michigan,1968,0,1972-08-08T00:00:00Z,2025-07-17T00:00:00Z,N,NA,NA
minnesota,1968,0,1971-07-01T00:00:00Z,2025-07-17T00:00:00Z,N,NA,"Hospital moratorium from 1984 to June 30, 1987; 2004 public review"
mississippi,1968,0,1979-07-01T00:00:00Z,2025-07-17T00:00:00Z,N,NA,NA
missouri,1968,0,1980-10-01T00:00:00Z,2025-07-17T00:00:00Z,N,NA,NA
montana,1968,0,1975-04-16T00:00:00Z,2025-07-17T00:00:00Z,N,NA,"Repealed CON in 2019, generally, except for long-term care facilities"
nebraska,1968,0,1979-05-22T00:00:00Z,2025-07-17T00:00:00Z,N,NA,NA
nevada,1968,0,1972-07-01T00:00:00Z,2025-07-17T00:00:00Z,N,NA,NA
new hampshire,1968,0,1979-07-01T00:00:00Z,2025-07-17T00:00:00Z,N,NA,"Repealed CON June 30, 2016 and immediately implemented quasi-CON July 1, 2016"
new jersey,1968,0,1971-05-10T00:00:00Z,2025-07-17T00:00:00Z,N,NA,NA
new mexico,1968,0,1978-03-06T00:00:00Z,1981-01-01T00:00:00Z,N,NA,"Repealed CON, except for ambulance services"
new york,1968,1,1964-10-01T00:00:00Z,2025-07-17T00:00:00Z,N,NA,NA
north carolina,1968,0,1971-07-21T00:00:00Z,1973-03-28T00:00:00Z,Y,1979-01-01T00:00:00Z,NA
north dakota,1968,0,1971-03-27T00:00:00Z,1995-01-01T00:00:00Z,N,NA,NA
ohio,1968,0,1975-08-25T00:00:00Z,2025-07-17T00:00:00Z,N,NA,"Amendments added in March 15, 1979 and only regulates long-term care now"
oklahoma,1968,0,1971-04-08T00:00:00Z,2025-07-17T00:00:00Z,N,NA,"Repealed CON for Psychiatric and Chemical Dependency Facilities passed in 1989 on May 6, 2024"
oregon,1968,0,1971-07-01T00:00:00Z,2025-07-17T00:00:00Z,N,NA,NA
pennsylvania,1968,0,1979-10-01T00:00:00Z,1996-12-31T00:00:00Z,N,NA,"Original expiration date was December 31, 1992 but legislature extended law by 4-years"
rhode island,1968,0,1969-01-01T00:00:00Z,2025-07-17T00:00:00Z,N,NA,NA
south carolina,1968,0,1971-06-03T00:00:00Z,2025-07-17T00:00:00Z,N,NA,"CON laws subject to review January, 2027"
south dakota,1968,0,1972-02-09T00:00:00Z,1988-01-01T00:00:00Z,N,NA,NA
tennessee,1968,0,1973-07-01T00:00:00Z,2025-07-17T00:00:00Z,N,NA,NA
texas,1968,0,1971-05-26T00:00:00Z,1985-01-01T00:00:00Z,N,NA,NA
utah,1968,0,1979-05-08T00:00:00Z,1984-12-31T00:00:00Z,N,NA,NA
vermont,1968,0,1979-05-08T00:00:00Z,2025-07-17T00:00:00Z,N,NA,NA
virginia,1968,0,1973-03-09T00:00:00Z,2025-07-17T00:00:00Z,N,NA,NA
washington,1968,0,1979-05-11T00:00:00Z,2025-07-17T00:00:00Z,N,NA,NA
west virginia,1968,0,1977-07-08T00:00:00Z,2025-07-17T00:00:00Z,N,NA,NA
wisconsin,1968,0,1977-01-01T00:00:00Z,1987-08-06T00:00:00Z,Y,1992-05-12T00:00:00Z,"Reenacted approval process, “quasi-CON”"
wyoming,1968,0,1977-05-27T00:00:00Z,2025-07-17T00:00:00Z,N,NA,"Repealed CON in March 13, 1987, except for nursing homes"
alabama,1969,0,1979-07-30T00:00:00Z,2025-07-17T00:00:00Z,N,NA,NA
alaska,1969,0,1976-07-01T00:00:00Z,2025-07-17T00:00:00Z,N,NA,NA
arizona,1969,0,1975-06-12T00:00:00Z,1985-03-15T00:00:00Z,N,NA,Certificate of Necessity for ambulances passed in 1993
arkansas,1969,0,1975-03-25T00:00:00Z,1987-01-01T00:00:00Z,Y,1987-01-01T00:00:00Z,"Reinstated Permit of Approval program, more relaxed CON law"
california,1969,0,1976-09-09T00:00:00Z,1987-01-01T00:00:00Z,N,NA,NA
colorado,1969,0,1973-05-30T00:00:00Z,1987-07-01T00:00:00Z,N,NA,NA
connecticut,1969,0,1973-07-01T00:00:00Z,2025-07-17T00:00:00Z,N,NA,"CON for Long Term Care Facilities became effective July 1, 1993"
delaware,1969,0,1978-06-30T00:00:00Z,2025-07-17T00:00:00Z,N,NA,NA
florida,1969,0,1973-07-01T00:00:00Z,2025-07-17T00:00:00Z,N,NA,NA
georgia,1969,0,1979-07-01T00:00:00Z,2025-07-17T00:00:00Z,N,NA,NA
hawaii,1969,0,1975-07-01T00:00:00Z,2025-07-17T00:00:00Z,N,NA,NA
idaho,1969,0,1980-03-20T00:00:00Z,1983-07-01T00:00:00Z,N,NA,CON expired in 1983 but repealed in 2004
illinois,1969,0,1974-07-01T00:00:00Z,2025-07-17T00:00:00Z,N,NA,"CON laws subject to review December 31st, 2029"
indiana,1969,0,1980-01-01T00:00:00Z,1999-01-01T00:00:00Z,Y,2019-01-01T00:00:00Z,No CON laws in 1996; 2018 CON law only applies to nursing homes
iowa,1969,0,1978-07-01T00:00:00Z,2025-07-17T00:00:00Z,N,NA,NA
kansas,1969,0,1972-03-21T00:00:00Z,1985-04-23T00:00:00Z,N,NA,NA
kentucky,1969,0,1972-07-01T00:00:00Z,2025-07-17T00:00:00Z,N,NA,NA
louisiana,1969,0,1990-07-06T00:00:00Z,2025-07-17T00:00:00Z,N,NA,NA
maine,1969,0,1978-03-30T00:00:00Z,2025-07-17T00:00:00Z,N,NA,NA
maryland,1969,1,1968-01-01T00:00:00Z,2025-07-17T00:00:00Z,N,NA,NA
massachusetts,1969,0,1972-06-01T00:00:00Z,2025-07-17T00:00:00Z,N,NA,NA
michigan,1969,0,1972-08-08T00:00:00Z,2025-07-17T00:00:00Z,N,NA,NA
minnesota,1969,0,1971-07-01T00:00:00Z,2025-07-17T00:00:00Z,N,NA,"Hospital moratorium from 1984 to June 30, 1987; 2004 public review"
mississippi,1969,0,1979-07-01T00:00:00Z,2025-07-17T00:00:00Z,N,NA,NA
missouri,1969,0,1980-10-01T00:00:00Z,2025-07-17T00:00:00Z,N,NA,NA
montana,1969,0,1975-04-16T00:00:00Z,2025-07-17T00:00:00Z,N,NA,"Repealed CON in 2019, generally, except for long-term care facilities"
nebraska,1969,0,1979-05-22T00:00:00Z,2025-07-17T00:00:00Z,N,NA,NA
nevada,1969,0,1972-07-01T00:00:00Z,2025-07-17T00:00:00Z,N,NA,NA
new hampshire,1969,0,1979-07-01T00:00:00Z,2025-07-17T00:00:00Z,N,NA,"Repealed CON June 30, 2016 and immediately implemented quasi-CON July 1, 2016"
new jersey,1969,0,1971-05-10T00:00:00Z,2025-07-17T00:00:00Z,N,NA,NA
new mexico,1969,0,1978-03-06T00:00:00Z,1981-01-01T00:00:00Z,N,NA,"Repealed CON, except for ambulance services"
new york,1969,1,1964-10-01T00:00:00Z,2025-07-17T00:00:00Z,N,NA,NA
north carolina,1969,0,1971-07-21T00:00:00Z,1973-03-28T00:00:00Z,Y,1979-01-01T00:00:00Z,NA
north dakota,1969,0,1971-03-27T00:00:00Z,1995-01-01T00:00:00Z,N,NA,NA
ohio,1969,0,1975-08-25T00:00:00Z,2025-07-17T00:00:00Z,N,NA,"Amendments added in March 15, 1979 and only regulates long-term care now"
oklahoma,1969,0,1971-04-08T00:00:00Z,2025-07-17T00:00:00Z,N,NA,"Repealed CON for Psychiatric and Chemical Dependency Facilities passed in 1989 on May 6, 2024"
oregon,1969,0,1971-07-01T00:00:00Z,2025-07-17T00:00:00Z,N,NA,NA
pennsylvania,1969,0,1979-10-01T00:00:00Z,1996-12-31T00:00:00Z,N,NA,"Original expiration date was December 31, 1992 but legislature extended law by 4-years"
rhode island,1969,1,1969-01-01T00:00:00Z,2025-07-17T00:00:00Z,N,NA,NA
south carolina,1969,0,1971-06-03T00:00:00Z,2025-07-17T00:00:00Z,N,NA,"CON laws subject to review January, 2027"
south dakota,1969,0,1972-02-09T00:00:00Z,1988-01-01T00:00:00Z,N,NA,NA
tennessee,1969,0,1973-07-01T00:00:00Z,2025-07-17T00:00:00Z,N,NA,NA
texas,1969,0,1971-05-26T00:00:00Z,1985-01-01T00:00:00Z,N,NA,NA
utah,1969,0,1979-05-08T00:00:00Z,1984-12-31T00:00:00Z,N,NA,NA
vermont,1969,0,1979-05-08T00:00:00Z,2025-07-17T00:00:00Z,N,NA,NA
virginia,1969,0,1973-03-09T00:00:00Z,2025-07-17T00:00:00Z,N,NA,NA
washington,1969,0,1979-05-11T00:00:00Z,2025-07-17T00:00:00Z,N,NA,NA
west virginia,1969,0,1977-07-08T00:00:00Z,2025-07-17T00:00:00Z,N,NA,NA
wisconsin,1969,0,1977-01-01T00:00:00Z,1987-08-06T00:00:00Z,Y,1992-05-12T00:00:00Z,"Reenacted approval process, “quasi-CON”"
wyoming,1969,0,1977-05-27T00:00:00Z,2025-07-17T00:00:00Z,N,NA,"Repealed CON in March 13, 1987, except for nursing homes"
alabama,1970,0,1979-07-30T00:00:00Z,2025-07-17T00:00:00Z,N,NA,NA
alaska,1970,0,1976-07-01T00:00:00Z,2025-07-17T00:00:00Z,N,NA,NA
arizona,1970,0,1975-06-12T00:00:00Z,1985-03-15T00:00:00Z,N,NA,Certificate of Necessity for ambulances passed in 1993
arkansas,1970,0,1975-03-25T00:00:00Z,1987-01-01T00:00:00Z,Y,1987-01-01T00:00:00Z,"Reinstated Permit of Approval program, more relaxed CON law"
california,1970,0,1976-09-09T00:00:00Z,1987-01-01T00:00:00Z,N,NA,NA
colorado,1970,0,1973-05-30T00:00:00Z,1987-07-01T00:00:00Z,N,NA,NA
connecticut,1970,0,1973-07-01T00:00:00Z,2025-07-17T00:00:00Z,N,NA,"CON for Long Term Care Facilities became effective July 1, 1993"
delaware,1970,0,1978-06-30T00:00:00Z,2025-07-17T00:00:00Z,N,NA,NA
florida,1970,0,1973-07-01T00:00:00Z,2025-07-17T00:00:00Z,N,NA,NA
georgia,1970,0,1979-07-01T00:00:00Z,2025-07-17T00:00:00Z,N,NA,NA
hawaii,1970,0,1975-07-01T00:00:00Z,2025-07-17T00:00:00Z,N,NA,NA
idaho,1970,0,1980-03-20T00:00:00Z,1983-07-01T00:00:00Z,N,NA,CON expired in 1983 but repealed in 2004
illinois,1970,0,1974-07-01T00:00:00Z,2025-07-17T00:00:00Z,N,NA,"CON laws subject to review December 31st, 2029"
indiana,1970,0,1980-01-01T00:00:00Z,1999-01-01T00:00:00Z,Y,2019-01-01T00:00:00Z,No CON laws in 1996; 2018 CON law only applies to nursing homes
iowa,1970,0,1978-07-01T00:00:00Z,2025-07-17T00:00:00Z,N,NA,NA
kansas,1970,0,1972-03-21T00:00:00Z,1985-04-23T00:00:00Z,N,NA,NA
kentucky,1970,0,1972-07-01T00:00:00Z,2025-07-17T00:00:00Z,N,NA,NA
louisiana,1970,0,1990-07-06T00:00:00Z,2025-07-17T00:00:00Z,N,NA,NA
maine,1970,0,1978-03-30T00:00:00Z,2025-07-17T00:00:00Z,N,NA,NA
maryland,1970,1,1968-01-01T00:00:00Z,2025-07-17T00:00:00Z,N,NA,NA
massachusetts,1970,0,1972-06-01T00:00:00Z,2025-07-17T00:00:00Z,N,NA,NA
michigan,1970,0,1972-08-08T00:00:00Z,2025-07-17T00:00:00Z,N,NA,NA
minnesota,1970,0,1971-07-01T00:00:00Z,2025-07-17T00:00:00Z,N,NA,"Hospital moratorium from 1984 to June 30, 1987; 2004 public review"
mississippi,1970,0,1979-07-01T00:00:00Z,2025-07-17T00:00:00Z,N,NA,NA
missouri,1970,0,1980-10-01T00:00:00Z,2025-07-17T00:00:00Z,N,NA,NA
montana,1970,0,1975-04-16T00:00:00Z,2025-07-17T00:00:00Z,N,NA,"Repealed CON in 2019, generally, except for long-term care facilities"
nebraska,1970,0,1979-05-22T00:00:00Z,2025-07-17T00:00:00Z,N,NA,NA
nevada,1970,0,1972-07-01T00:00:00Z,2025-07-17T00:00:00Z,N,NA,NA
new hampshire,1970,0,1979-07-01T00:00:00Z,2025-07-17T00:00:00Z,N,NA,"Repealed CON June 30, 2016 and immediately implemented quasi-CON July 1, 2016"
new jersey,1970,0,1971-05-10T00:00:00Z,2025-07-17T00:00:00Z,N,NA,NA
new mexico,1970,0,1978-03-06T00:00:00Z,1981-01-01T00:00:00Z,N,NA,"Repealed CON, except for ambulance services"
new york,1970,1,1964-10-01T00:00:00Z,2025-07-17T00:00:00Z,N,NA,NA
north carolina,1970,0,1971-07-21T00:00:00Z,1973-03-28T00:00:00Z,Y,1979-01-01T00:00:00Z,NA
north dakota,1970,0,1971-03-27T00:00:00Z,1995-01-01T00:00:00Z,N,NA,NA
ohio,1970,0,1975-08-25T00:00:00Z,2025-07-17T00:00:00Z,N,NA,"Amendments added in March 15, 1979 and only regulates long-term care now"
oklahoma,1970,0,1971-04-08T00:00:00Z,2025-07-17T00:00:00Z,N,NA,"Repealed CON for Psychiatric and Chemical Dependency Facilities passed in 1989 on May 6, 2024"
oregon,1970,0,1971-07-01T00:00:00Z,2025-07-17T00:00:00Z,N,NA,NA
pennsylvania,1970,0,1979-10-01T00:00:00Z,1996-12-31T00:00:00Z,N,NA,"Original expiration date was December 31, 1992 but legislature extended law by 4-years"
rhode island,1970,1,1969-01-01T00:00:00Z,2025-07-17T00:00:00Z,N,NA,NA
south carolina,1970,0,1971-06-03T00:00:00Z,2025-07-17T00:00:00Z,N,NA,"CON laws subject to review January, 2027"
south dakota,1970,0,1972-02-09T00:00:00Z,1988-01-01T00:00:00Z,N,NA,NA
tennessee,1970,0,1973-07-01T00:00:00Z,2025-07-17T00:00:00Z,N,NA,NA
texas,1970,0,1971-05-26T00:00:00Z,1985-01-01T00:00:00Z,N,NA,NA
utah,1970,0,1979-05-08T00:00:00Z,1984-12-31T00:00:00Z,N,NA,NA
vermont,1970,0,1979-05-08T00:00:00Z,2025-07-17T00:00:00Z,N,NA,NA
virginia,1970,0,1973-03-09T00:00:00Z,2025-07-17T00:00:00Z,N,NA,NA
washington,1970,0,1979-05-11T00:00:00Z,2025-07-17T00:00:00Z,N,NA,NA
west virginia,1970,0,1977-07-08T00:00:00Z,2025-07-17T00:00:00Z,N,NA,NA
wisconsin,1970,0,1977-01-01T00:00:00Z,1987-08-06T00:00:00Z,Y,1992-05-12T00:00:00Z,"Reenacted approval process, “quasi-CON”"
wyoming,1970,0,1977-05-27T00:00:00Z,2025-07-17T00:00:00Z,N,NA,"Repealed CON in March 13, 1987, except for nursing homes"
alabama,1971,0,1979-07-30T00:00:00Z,2025-07-17T00:00:00Z,N,NA,NA
alaska,1971,0,1976-07-01T00:00:00Z,2025-07-17T00:00:00Z,N,NA,NA
arizona,1971,0,1975-06-12T00:00:00Z,1985-03-15T00:00:00Z,N,NA,Certificate of Necessity for ambulances passed in 1993
arkansas,1971,0,1975-03-25T00:00:00Z,1987-01-01T00:00:00Z,Y,1987-01-01T00:00:00Z,"Reinstated Permit of Approval program, more relaxed CON law"
california,1971,0,1976-09-09T00:00:00Z,1987-01-01T00:00:00Z,N,NA,NA
colorado,1971,0,1973-05-30T00:00:00Z,1987-07-01T00:00:00Z,N,NA,NA
connecticut,1971,0,1973-07-01T00:00:00Z,2025-07-17T00:00:00Z,N,NA,"CON for Long Term Care Facilities became effective July 1, 1993"
delaware,1971,0,1978-06-30T00:00:00Z,2025-07-17T00:00:00Z,N,NA,NA
florida,1971,0,1973-07-01T00:00:00Z,2025-07-17T00:00:00Z,N,NA,NA
georgia,1971,0,1979-07-01T00:00:00Z,2025-07-17T00:00:00Z,N,NA,NA
hawaii,1971,0,1975-07-01T00:00:00Z,2025-07-17T00:00:00Z,N,NA,NA
idaho,1971,0,1980-03-20T00:00:00Z,1983-07-01T00:00:00Z,N,NA,CON expired in 1983 but repealed in 2004
illinois,1971,0,1974-07-01T00:00:00Z,2025-07-17T00:00:00Z,N,NA,"CON laws subject to review December 31st, 2029"
indiana,1971,0,1980-01-01T00:00:00Z,1999-01-01T00:00:00Z,Y,2019-01-01T00:00:00Z,No CON laws in 1996; 2018 CON law only applies to nursing homes
iowa,1971,0,1978-07-01T00:00:00Z,2025-07-17T00:00:00Z,N,NA,NA
kansas,1971,0,1972-03-21T00:00:00Z,1985-04-23T00:00:00Z,N,NA,NA
kentucky,1971,0,1972-07-01T00:00:00Z,2025-07-17T00:00:00Z,N,NA,NA
louisiana,1971,0,1990-07-06T00:00:00Z,2025-07-17T00:00:00Z,N,NA,NA
maine,1971,0,1978-03-30T00:00:00Z,2025-07-17T00:00:00Z,N,NA,NA
maryland,1971,1,1968-01-01T00:00:00Z,2025-07-17T00:00:00Z,N,NA,NA
massachusetts,1971,0,1972-06-01T00:00:00Z,2025-07-17T00:00:00Z,N,NA,NA
michigan,1971,0,1972-08-08T00:00:00Z,2025-07-17T00:00:00Z,N,NA,NA
minnesota,1971,1,1971-07-01T00:00:00Z,2025-07-17T00:00:00Z,N,NA,"Hospital moratorium from 1984 to June 30, 1987; 2004 public review"
mississippi,1971,0,1979-07-01T00:00:00Z,2025-07-17T00:00:00Z,N,NA,NA
missouri,1971,0,1980-10-01T00:00:00Z,2025-07-17T00:00:00Z,N,NA,NA
montana,1971,0,1975-04-16T00:00:00Z,2025-07-17T00:00:00Z,N,NA,"Repealed CON in 2019, generally, except for long-term care facilities"
nebraska,1971,0,1979-05-22T00:00:00Z,2025-07-17T00:00:00Z,N,NA,NA
nevada,1971,0,1972-07-01T00:00:00Z,2025-07-17T00:00:00Z,N,NA,NA
new hampshire,1971,0,1979-07-01T00:00:00Z,2025-07-17T00:00:00Z,N,NA,"Repealed CON June 30, 2016 and immediately implemented quasi-CON July 1, 2016"
new jersey,1971,1,1971-05-10T00:00:00Z,2025-07-17T00:00:00Z,N,NA,NA
new mexico,1971,0,1978-03-06T00:00:00Z,1981-01-01T00:00:00Z,N,NA,"Repealed CON, except for ambulance services"
new york,1971,1,1964-10-01T00:00:00Z,2025-07-17T00:00:00Z,N,NA,NA
north carolina,1971,0,1971-07-21T00:00:00Z,1973-03-28T00:00:00Z,Y,1979-01-01T00:00:00Z,NA
north dakota,1971,1,1971-03-27T00:00:00Z,1995-01-01T00:00:00Z,N,NA,NA
ohio,1971,0,1975-08-25T00:00:00Z,2025-07-17T00:00:00Z,N,NA,"Amendments added in March 15, 1979 and only regulates long-term care now"
oklahoma,1971,1,1971-04-08T00:00:00Z,2025-07-17T00:00:00Z,N,NA,"Repealed CON for Psychiatric and Chemical Dependency Facilities passed in 1989 on May 6, 2024"
oregon,1971,1,1971-07-01T00:00:00Z,2025-07-17T00:00:00Z,N,NA,NA
pennsylvania,1971,0,1979-10-01T00:00:00Z,1996-12-31T00:00:00Z,N,NA,"Original expiration date was December 31, 1992 but legislature extended law by 4-years"
rhode island,1971,1,1969-01-01T00:00:00Z,2025-07-17T00:00:00Z,N,NA,NA
south carolina,1971,1,1971-06-03T00:00:00Z,2025-07-17T00:00:00Z,N,NA,"CON laws subject to review January, 2027"
south dakota,1971,0,1972-02-09T00:00:00Z,1988-01-01T00:00:00Z,N,NA,NA
tennessee,1971,0,1973-07-01T00:00:00Z,2025-07-17T00:00:00Z,N,NA,NA
texas,1971,1,1971-05-26T00:00:00Z,1985-01-01T00:00:00Z,N,NA,NA
utah,1971,0,1979-05-08T00:00:00Z,1984-12-31T00:00:00Z,N,NA,NA
vermont,1971,0,1979-05-08T00:00:00Z,2025-07-17T00:00:00Z,N,NA,NA
virginia,1971,0,1973-03-09T00:00:00Z,2025-07-17T00:00:00Z,N,NA,NA
washington,1971,0,1979-05-11T00:00:00Z,2025-07-17T00:00:00Z,N,NA,NA
west virginia,1971,0,1977-07-08T00:00:00Z,2025-07-17T00:00:00Z,N,NA,NA
wisconsin,1971,0,1977-01-01T00:00:00Z,1987-08-06T00:00:00Z,Y,1992-05-12T00:00:00Z,"Reenacted approval process, “quasi-CON”"
wyoming,1971,0,1977-05-27T00:00:00Z,2025-07-17T00:00:00Z,N,NA,"Repealed CON in March 13, 1987, except for nursing homes"
alabama,1972,0,1979-07-30T00:00:00Z,2025-07-17T00:00:00Z,N,NA,NA
alaska,1972,0,1976-07-01T00:00:00Z,2025-07-17T00:00:00Z,N,NA,NA
arizona,1972,0,1975-06-12T00:00:00Z,1985-03-15T00:00:00Z,N,NA,Certificate of Necessity for ambulances passed in 1993
arkansas,1972,0,1975-03-25T00:00:00Z,1987-01-01T00:00:00Z,Y,1987-01-01T00:00:00Z,"Reinstated Permit of Approval program, more relaxed CON law"
california,1972,0,1976-09-09T00:00:00Z,1987-01-01T00:00:00Z,N,NA,NA
colorado,1972,0,1973-05-30T00:00:00Z,1987-07-01T00:00:00Z,N,NA,NA
connecticut,1972,0,1973-07-01T00:00:00Z,2025-07-17T00:00:00Z,N,NA,"CON for Long Term Care Facilities became effective July 1, 1993"
delaware,1972,0,1978-06-30T00:00:00Z,2025-07-17T00:00:00Z,N,NA,NA
florida,1972,0,1973-07-01T00:00:00Z,2025-07-17T00:00:00Z,N,NA,NA
georgia,1972,0,1979-07-01T00:00:00Z,2025-07-17T00:00:00Z,N,NA,NA
hawaii,1972,0,1975-07-01T00:00:00Z,2025-07-17T00:00:00Z,N,NA,NA
idaho,1972,0,1980-03-20T00:00:00Z,1983-07-01T00:00:00Z,N,NA,CON expired in 1983 but repealed in 2004
illinois,1972,0,1974-07-01T00:00:00Z,2025-07-17T00:00:00Z,N,NA,"CON laws subject to review December 31st, 2029"
indiana,1972,0,1980-01-01T00:00:00Z,1999-01-01T00:00:00Z,Y,2019-01-01T00:00:00Z,No CON laws in 1996; 2018 CON law only applies to nursing homes
iowa,1972,0,1978-07-01T00:00:00Z,2025-07-17T00:00:00Z,N,NA,NA
kansas,1972,1,1972-03-21T00:00:00Z,1985-04-23T00:00:00Z,N,NA,NA
kentucky,1972,1,1972-07-01T00:00:00Z,2025-07-17T00:00:00Z,N,NA,NA
louisiana,1972,0,1990-07-06T00:00:00Z,2025-07-17T00:00:00Z,N,NA,NA
maine,1972,0,1978-03-30T00:00:00Z,2025-07-17T00:00:00Z,N,NA,NA
maryland,1972,1,1968-01-01T00:00:00Z,2025-07-17T00:00:00Z,N,NA,NA
massachusetts,1972,1,1972-06-01T00:00:00Z,2025-07-17T00:00:00Z,N,NA,NA
michigan,1972,0,1972-08-08T00:00:00Z,2025-07-17T00:00:00Z,N,NA,NA
minnesota,1972,1,1971-07-01T00:00:00Z,2025-07-17T00:00:00Z,N,NA,"Hospital moratorium from 1984 to June 30, 1987; 2004 public review"
mississippi,1972,0,1979-07-01T00:00:00Z,2025-07-17T00:00:00Z,N,NA,NA
missouri,1972,0,1980-10-01T00:00:00Z,2025-07-17T00:00:00Z,N,NA,NA
montana,1972,0,1975-04-16T00:00:00Z,2025-07-17T00:00:00Z,N,NA,"Repealed CON in 2019, generally, except for long-term care facilities"
nebraska,1972,0,1979-05-22T00:00:00Z,2025-07-17T00:00:00Z,N,NA,NA
nevada,1972,1,1972-07-01T00:00:00Z,2025-07-17T00:00:00Z,N,NA,NA
new hampshire,1972,0,1979-07-01T00:00:00Z,2025-07-17T00:00:00Z,N,NA,"Repealed CON June 30, 2016 and immediately implemented quasi-CON July 1, 2016"
new jersey,1972,1,1971-05-10T00:00:00Z,2025-07-17T00:00:00Z,N,NA,NA
new mexico,1972,0,1978-03-06T00:00:00Z,1981-01-01T00:00:00Z,N,NA,"Repealed CON, except for ambulance services"
new york,1972,1,1964-10-01T00:00:00Z,2025-07-17T00:00:00Z,N,NA,NA
north carolina,1972,1,1971-07-21T00:00:00Z,1973-03-28T00:00:00Z,Y,1979-01-01T00:00:00Z,NA
north dakota,1972,1,1971-03-27T00:00:00Z,1995-01-01T00:00:00Z,N,NA,NA
ohio,1972,0,1975-08-25T00:00:00Z,2025-07-17T00:00:00Z,N,NA,"Amendments added in March 15, 1979 and only regulates long-term care now"
oklahoma,1972,1,1971-04-08T00:00:00Z,2025-07-17T00:00:00Z,N,NA,"Repealed CON for Psychiatric and Chemical Dependency Facilities passed in 1989 on May 6, 2024"
oregon,1972,1,1971-07-01T00:00:00Z,2025-07-17T00:00:00Z,N,NA,NA
pennsylvania,1972,0,1979-10-01T00:00:00Z,1996-12-31T00:00:00Z,N,NA,"Original expiration date was December 31, 1992 but legislature extended law by 4-years"
rhode island,1972,1,1969-01-01T00:00:00Z,2025-07-17T00:00:00Z,N,NA,NA
south carolina,1972,1,1971-06-03T00:00:00Z,2025-07-17T00:00:00Z,N,NA,"CON laws subject to review January, 2027"
south dakota,1972,1,1972-02-09T00:00:00Z,1988-01-01T00:00:00Z,N,NA,NA
tennessee,1972,0,1973-07-01T00:00:00Z,2025-07-17T00:00:00Z,N,NA,NA
texas,1972,1,1971-05-26T00:00:00Z,1985-01-01T00:00:00Z,N,NA,NA
utah,1972,0,1979-05-08T00:00:00Z,1984-12-31T00:00:00Z,N,NA,NA
vermont,1972,0,1979-05-08T00:00:00Z,2025-07-17T00:00:00Z,N,NA,NA
virginia,1972,0,1973-03-09T00:00:00Z,2025-07-17T00:00:00Z,N,NA,NA
washington,1972,0,1979-05-11T00:00:00Z,2025-07-17T00:00:00Z,N,NA,NA
west virginia,1972,0,1977-07-08T00:00:00Z,2025-07-17T00:00:00Z,N,NA,NA
wisconsin,1972,0,1977-01-01T00:00:00Z,1987-08-06T00:00:00Z,Y,1992-05-12T00:00:00Z,"Reenacted approval process, “quasi-CON”"
wyoming,1972,0,1977-05-27T00:00:00Z,2025-07-17T00:00:00Z,N,NA,"Repealed CON in March 13, 1987, except for nursing homes"
alabama,1973,0,1979-07-30T00:00:00Z,2025-07-17T00:00:00Z,N,NA,NA
alaska,1973,0,1976-07-01T00:00:00Z,2025-07-17T00:00:00Z,N,NA,NA
arizona,1973,0,1975-06-12T00:00:00Z,1985-03-15T00:00:00Z,N,NA,Certificate of Necessity for ambulances passed in 1993
arkansas,1973,0,1975-03-25T00:00:00Z,1987-01-01T00:00:00Z,Y,1987-01-01T00:00:00Z,"Reinstated Permit of Approval program, more relaxed CON law"
california,1973,0,1976-09-09T00:00:00Z,1987-01-01T00:00:00Z,N,NA,NA
colorado,1973,1,1973-05-30T00:00:00Z,1987-07-01T00:00:00Z,N,NA,NA
connecticut,1973,1,1973-07-01T00:00:00Z,2025-07-17T00:00:00Z,N,NA,"CON for Long Term Care Facilities became effective July 1, 1993"
delaware,1973,0,1978-06-30T00:00:00Z,2025-07-17T00:00:00Z,N,NA,NA
florida,1973,1,1973-07-01T00:00:00Z,2025-07-17T00:00:00Z,N,NA,NA
georgia,1973,0,1979-07-01T00:00:00Z,2025-07-17T00:00:00Z,N,NA,NA
hawaii,1973,0,1975-07-01T00:00:00Z,2025-07-17T00:00:00Z,N,NA,NA
idaho,1973,0,1980-03-20T00:00:00Z,1983-07-01T00:00:00Z,N,NA,CON expired in 1983 but repealed in 2004
illinois,1973,0,1974-07-01T00:00:00Z,2025-07-17T00:00:00Z,N,NA,"CON laws subject to review December 31st, 2029"
indiana,1973,0,1980-01-01T00:00:00Z,1999-01-01T00:00:00Z,Y,2019-01-01T00:00:00Z,No CON laws in 1996; 2018 CON law only applies to nursing homes
iowa,1973,0,1978-07-01T00:00:00Z,2025-07-17T00:00:00Z,N,NA,NA
kansas,1973,1,1972-03-21T00:00:00Z,1985-04-23T00:00:00Z,N,NA,NA
kentucky,1973,1,1972-07-01T00:00:00Z,2025-07-17T00:00:00Z,N,NA,NA
louisiana,1973,0,1990-07-06T00:00:00Z,2025-07-17T00:00:00Z,N,NA,NA
maine,1973,0,1978-03-30T00:00:00Z,2025-07-17T00:00:00Z,N,NA,NA
maryland,1973,1,1968-01-01T00:00:00Z,2025-07-17T00:00:00Z,N,NA,NA
massachusetts,1973,1,1972-06-01T00:00:00Z,2025-07-17T00:00:00Z,N,NA,NA
michigan,1973,1,1972-08-08T00:00:00Z,2025-07-17T00:00:00Z,N,NA,NA
minnesota,1973,1,1971-07-01T00:00:00Z,2025-07-17T00:00:00Z,N,NA,"Hospital moratorium from 1984 to June 30, 1987; 2004 public review"
mississippi,1973,0,1979-07-01T00:00:00Z,2025-07-17T00:00:00Z,N,NA,NA
missouri,1973,0,1980-10-01T00:00:00Z,2025-07-17T00:00:00Z,N,NA,NA
montana,1973,0,1975-04-16T00:00:00Z,2025-07-17T00:00:00Z,N,NA,"Repealed CON in 2019, generally, except for long-term care facilities"
nebraska,1973,0,1979-05-22T00:00:00Z,2025-07-17T00:00:00Z,N,NA,NA
nevada,1973,1,1972-07-01T00:00:00Z,2025-07-17T00:00:00Z,N,NA,NA
new hampshire,1973,0,1979-07-01T00:00:00Z,2025-07-17T00:00:00Z,N,NA,"Repealed CON June 30, 2016 and immediately implemented quasi-CON July 1, 2016"
new jersey,1973,1,1971-05-10T00:00:00Z,2025-07-17T00:00:00Z,N,NA,NA
new mexico,1973,0,1978-03-06T00:00:00Z,1981-01-01T00:00:00Z,N,NA,"Repealed CON, except for ambulance services"
new york,1973,1,1964-10-01T00:00:00Z,2025-07-17T00:00:00Z,N,NA,NA
north carolina,1973,0,1971-07-21T00:00:00Z,1973-03-28T00:00:00Z,Y,1979-01-01T00:00:00Z,NA
north dakota,1973,1,1971-03-27T00:00:00Z,1995-01-01T00:00:00Z,N,NA,NA
ohio,1973,0,1975-08-25T00:00:00Z,2025-07-17T00:00:00Z,N,NA,"Amendments added in March 15, 1979 and only regulates long-term care now"
oklahoma,1973,1,1971-04-08T00:00:00Z,2025-07-17T00:00:00Z,N,NA,"Repealed CON for Psychiatric and Chemical Dependency Facilities passed in 1989 on May 6, 2024"
oregon,1973,1,1971-07-01T00:00:00Z,2025-07-17T00:00:00Z,N,NA,NA
pennsylvania,1973,0,1979-10-01T00:00:00Z,1996-12-31T00:00:00Z,N,NA,"Original expiration date was December 31, 1992 but legislature extended law by 4-years"
rhode island,1973,1,1969-01-01T00:00:00Z,2025-07-17T00:00:00Z,N,NA,NA
south carolina,1973,1,1971-06-03T00:00:00Z,2025-07-17T00:00:00Z,N,NA,"CON laws subject to review January, 2027"
south dakota,1973,1,1972-02-09T00:00:00Z,1988-01-01T00:00:00Z,N,NA,NA
tennessee,1973,1,1973-07-01T00:00:00Z,2025-07-17T00:00:00Z,N,NA,NA
texas,1973,1,1971-05-26T00:00:00Z,1985-01-01T00:00:00Z,N,NA,NA
utah,1973,0,1979-05-08T00:00:00Z,1984-12-31T00:00:00Z,N,NA,NA
vermont,1973,0,1979-05-08T00:00:00Z,2025-07-17T00:00:00Z,N,NA,NA
virginia,1973,1,1973-03-09T00:00:00Z,2025-07-17T00:00:00Z,N,NA,NA
washington,1973,0,1979-05-11T00:00:00Z,2025-07-17T00:00:00Z,N,NA,NA
west virginia,1973,0,1977-07-08T00:00:00Z,2025-07-17T00:00:00Z,N,NA,NA
wisconsin,1973,0,1977-01-01T00:00:00Z,1987-08-06T00:00:00Z,Y,1992-05-12T00:00:00Z,"Reenacted approval process, “quasi-CON”"
wyoming,1973,0,1977-05-27T00:00:00Z,2025-07-17T00:00:00Z,N,NA,"Repealed CON in March 13, 1987, except for nursing homes"
alabama,1974,0,1979-07-30T00:00:00Z,2025-07-17T00:00:00Z,N,NA,NA
alaska,1974,0,1976-07-01T00:00:00Z,2025-07-17T00:00:00Z,N,NA,NA
arizona,1974,0,1975-06-12T00:00:00Z,1985-03-15T00:00:00Z,N,NA,Certificate of Necessity for ambulances passed in 1993
arkansas,1974,0,1975-03-25T00:00:00Z,1987-01-01T00:00:00Z,Y,1987-01-01T00:00:00Z,"Reinstated Permit of Approval program, more relaxed CON law"
california,1974,0,1976-09-09T00:00:00Z,1987-01-01T00:00:00Z,N,NA,NA
colorado,1974,1,1973-05-30T00:00:00Z,1987-07-01T00:00:00Z,N,NA,NA
connecticut,1974,1,1973-07-01T00:00:00Z,2025-07-17T00:00:00Z,N,NA,"CON for Long Term Care Facilities became effective July 1, 1993"
delaware,1974,0,1978-06-30T00:00:00Z,2025-07-17T00:00:00Z,N,NA,NA
florida,1974,1,1973-07-01T00:00:00Z,2025-07-17T00:00:00Z,N,NA,NA
georgia,1974,0,1979-07-01T00:00:00Z,2025-07-17T00:00:00Z,N,NA,NA
hawaii,1974,0,1975-07-01T00:00:00Z,2025-07-17T00:00:00Z,N,NA,NA
idaho,1974,0,1980-03-20T00:00:00Z,1983-07-01T00:00:00Z,N,NA,CON expired in 1983 but repealed in 2004
illinois,1974,1,1974-07-01T00:00:00Z,2025-07-17T00:00:00Z,N,NA,"CON laws subject to review December 31st, 2029"
indiana,1974,0,1980-01-01T00:00:00Z,1999-01-01T00:00:00Z,Y,2019-01-01T00:00:00Z,No CON laws in 1996; 2018 CON law only applies to nursing homes
iowa,1974,0,1978-07-01T00:00:00Z,2025-07-17T00:00:00Z,N,NA,NA
kansas,1974,1,1972-03-21T00:00:00Z,1985-04-23T00:00:00Z,N,NA,NA
kentucky,1974,1,1972-07-01T00:00:00Z,2025-07-17T00:00:00Z,N,NA,NA
louisiana,1974,0,1990-07-06T00:00:00Z,2025-07-17T00:00:00Z,N,NA,NA
maine,1974,0,1978-03-30T00:00:00Z,2025-07-17T00:00:00Z,N,NA,NA
maryland,1974,1,1968-01-01T00:00:00Z,2025-07-17T00:00:00Z,N,NA,NA
massachusetts,1974,1,1972-06-01T00:00:00Z,2025-07-17T00:00:00Z,N,NA,NA
michigan,1974,1,1972-08-08T00:00:00Z,2025-07-17T00:00:00Z,N,NA,NA
minnesota,1974,1,1971-07-01T00:00:00Z,2025-07-17T00:00:00Z,N,NA,"Hospital moratorium from 1984 to June 30, 1987; 2004 public review"
mississippi,1974,0,1979-07-01T00:00:00Z,2025-07-17T00:00:00Z,N,NA,NA
missouri,1974,0,1980-10-01T00:00:00Z,2025-07-17T00:00:00Z,N,NA,NA
montana,1974,0,1975-04-16T00:00:00Z,2025-07-17T00:00:00Z,N,NA,"Repealed CON in 2019, generally, except for long-term care facilities"
nebraska,1974,0,1979-05-22T00:00:00Z,2025-07-17T00:00:00Z,N,NA,NA
nevada,1974,1,1972-07-01T00:00:00Z,2025-07-17T00:00:00Z,N,NA,NA
new hampshire,1974,0,1979-07-01T00:00:00Z,2025-07-17T00:00:00Z,N,NA,"Repealed CON June 30, 2016 and immediately implemented quasi-CON July 1, 2016"
new jersey,1974,1,1971-05-10T00:00:00Z,2025-07-17T00:00:00Z,N,NA,NA
new mexico,1974,0,1978-03-06T00:00:00Z,1981-01-01T00:00:00Z,N,NA,"Repealed CON, except for ambulance services"
new york,1974,1,1964-10-01T00:00:00Z,2025-07-17T00:00:00Z,N,NA,NA
north carolina,1974,0,1971-07-21T00:00:00Z,1973-03-28T00:00:00Z,Y,1979-01-01T00:00:00Z,NA
north dakota,1974,1,1971-03-27T00:00:00Z,1995-01-01T00:00:00Z,N,NA,NA
ohio,1974,0,1975-08-25T00:00:00Z,2025-07-17T00:00:00Z,N,NA,"Amendments added in March 15, 1979 and only regulates long-term care now"
oklahoma,1974,1,1971-04-08T00:00:00Z,2025-07-17T00:00:00Z,N,NA,"Repealed CON for Psychiatric and Chemical Dependency Facilities passed in 1989 on May 6, 2024"
oregon,1974,1,1971-07-01T00:00:00Z,2025-07-17T00:00:00Z,N,NA,NA
pennsylvania,1974,0,1979-10-01T00:00:00Z,1996-12-31T00:00:00Z,N,NA,"Original expiration date was December 31, 1992 but legislature extended law by 4-years"
rhode island,1974,1,1969-01-01T00:00:00Z,2025-07-17T00:00:00Z,N,NA,NA
south carolina,1974,1,1971-06-03T00:00:00Z,2025-07-17T00:00:00Z,N,NA,"CON laws subject to review January, 2027"
south dakota,1974,1,1972-02-09T00:00:00Z,1988-01-01T00:00:00Z,N,NA,NA
tennessee,1974,1,1973-07-01T00:00:00Z,2025-07-17T00:00:00Z,N,NA,NA
texas,1974,1,1971-05-26T00:00:00Z,1985-01-01T00:00:00Z,N,NA,NA
utah,1974,0,1979-05-08T00:00:00Z,1984-12-31T00:00:00Z,N,NA,NA
vermont,1974,0,1979-05-08T00:00:00Z,2025-07-17T00:00:00Z,N,NA,NA
virginia,1974,1,1973-03-09T00:00:00Z,2025-07-17T00:00:00Z,N,NA,NA
washington,1974,0,1979-05-11T00:00:00Z,2025-07-17T00:00:00Z,N,NA,NA
west virginia,1974,0,1977-07-08T00:00:00Z,2025-07-17T00:00:00Z,N,NA,NA
wisconsin,1974,0,1977-01-01T00:00:00Z,1987-08-06T00:00:00Z,Y,1992-05-12T00:00:00Z,"Reenacted approval process, “quasi-CON”"
wyoming,1974,0,1977-05-27T00:00:00Z,2025-07-17T00:00:00Z,N,NA,"Repealed CON in March 13, 1987, except for nursing homes"
alabama,1975,0,1979-07-30T00:00:00Z,2025-07-17T00:00:00Z,N,NA,NA
alaska,1975,0,1976-07-01T00:00:00Z,2025-07-17T00:00:00Z,N,NA,NA
arizona,1975,1,1975-06-12T00:00:00Z,1985-03-15T00:00:00Z,N,NA,Certificate of Necessity for ambulances passed in 1993
arkansas,1975,1,1975-03-25T00:00:00Z,1987-01-01T00:00:00Z,Y,1987-01-01T00:00:00Z,"Reinstated Permit of Approval program, more relaxed CON law"
california,1975,0,1976-09-09T00:00:00Z,1987-01-01T00:00:00Z,N,NA,NA
colorado,1975,1,1973-05-30T00:00:00Z,1987-07-01T00:00:00Z,N,NA,NA
connecticut,1975,1,1973-07-01T00:00:00Z,2025-07-17T00:00:00Z,N,NA,"CON for Long Term Care Facilities became effective July 1, 1993"
delaware,1975,0,1978-06-30T00:00:00Z,2025-07-17T00:00:00Z,N,NA,NA
florida,1975,1,1973-07-01T00:00:00Z,2025-07-17T00:00:00Z,N,NA,NA
georgia,1975,0,1979-07-01T00:00:00Z,2025-07-17T00:00:00Z,N,NA,NA
hawaii,1975,1,1975-07-01T00:00:00Z,2025-07-17T00:00:00Z,N,NA,NA
idaho,1975,0,1980-03-20T00:00:00Z,1983-07-01T00:00:00Z,N,NA,CON expired in 1983 but repealed in 2004
illinois,1975,1,1974-07-01T00:00:00Z,2025-07-17T00:00:00Z,N,NA,"CON laws subject to review December 31st, 2029"
indiana,1975,0,1980-01-01T00:00:00Z,1999-01-01T00:00:00Z,Y,2019-01-01T00:00:00Z,No CON laws in 1996; 2018 CON law only applies to nursing homes
iowa,1975,0,1978-07-01T00:00:00Z,2025-07-17T00:00:00Z,N,NA,NA
kansas,1975,1,1972-03-21T00:00:00Z,1985-04-23T00:00:00Z,N,NA,NA
kentucky,1975,1,1972-07-01T00:00:00Z,2025-07-17T00:00:00Z,N,NA,NA
louisiana,1975,0,1990-07-06T00:00:00Z,2025-07-17T00:00:00Z,N,NA,NA
maine,1975,0,1978-03-30T00:00:00Z,2025-07-17T00:00:00Z,N,NA,NA
maryland,1975,1,1968-01-01T00:00:00Z,2025-07-17T00:00:00Z,N,NA,NA
massachusetts,1975,1,1972-06-01T00:00:00Z,2025-07-17T00:00:00Z,N,NA,NA
michigan,1975,1,1972-08-08T00:00:00Z,2025-07-17T00:00:00Z,N,NA,NA
minnesota,1975,1,1971-07-01T00:00:00Z,2025-07-17T00:00:00Z,N,NA,"Hospital moratorium from 1984 to June 30, 1987; 2004 public review"
mississippi,1975,0,1979-07-01T00:00:00Z,2025-07-17T00:00:00Z,N,NA,NA
missouri,1975,0,1980-10-01T00:00:00Z,2025-07-17T00:00:00Z,N,NA,NA
montana,1975,1,1975-04-16T00:00:00Z,2025-07-17T00:00:00Z,N,NA,"Repealed CON in 2019, generally, except for long-term care facilities"
nebraska,1975,0,1979-05-22T00:00:00Z,2025-07-17T00:00:00Z,N,NA,NA
nevada,1975,1,1972-07-01T00:00:00Z,2025-07-17T00:00:00Z,N,NA,NA
new hampshire,1975,0,1979-07-01T00:00:00Z,2025-07-17T00:00:00Z,N,NA,"Repealed CON June 30, 2016 and immediately implemented quasi-CON July 1, 2016"
new jersey,1975,1,1971-05-10T00:00:00Z,2025-07-17T00:00:00Z,N,NA,NA
new mexico,1975,0,1978-03-06T00:00:00Z,1981-01-01T00:00:00Z,N,NA,"Repealed CON, except for ambulance services"
new york,1975,1,1964-10-01T00:00:00Z,2025-07-17T00:00:00Z,N,NA,NA
north carolina,1975,0,1971-07-21T00:00:00Z,1973-03-28T00:00:00Z,Y,1979-01-01T00:00:00Z,NA
north dakota,1975,1,1971-03-27T00:00:00Z,1995-01-01T00:00:00Z,N,NA,NA
ohio,1975,0,1975-08-25T00:00:00Z,2025-07-17T00:00:00Z,N,NA,"Amendments added in March 15, 1979 and only regulates long-term care now"
oklahoma,1975,1,1971-04-08T00:00:00Z,2025-07-17T00:00:00Z,N,NA,"Repealed CON for Psychiatric and Chemical Dependency Facilities passed in 1989 on May 6, 2024"
oregon,1975,1,1971-07-01T00:00:00Z,2025-07-17T00:00:00Z,N,NA,NA
pennsylvania,1975,0,1979-10-01T00:00:00Z,1996-12-31T00:00:00Z,N,NA,"Original expiration date was December 31, 1992 but legislature extended law by 4-years"
rhode island,1975,1,1969-01-01T00:00:00Z,2025-07-17T00:00:00Z,N,NA,NA
south carolina,1975,1,1971-06-03T00:00:00Z,2025-07-17T00:00:00Z,N,NA,"CON laws subject to review January, 2027"
south dakota,1975,1,1972-02-09T00:00:00Z,1988-01-01T00:00:00Z,N,NA,NA
tennessee,1975,1,1973-07-01T00:00:00Z,2025-07-17T00:00:00Z,N,NA,NA
texas,1975,1,1971-05-26T00:00:00Z,1985-01-01T00:00:00Z,N,NA,NA
utah,1975,0,1979-05-08T00:00:00Z,1984-12-31T00:00:00Z,N,NA,NA
vermont,1975,0,1979-05-08T00:00:00Z,2025-07-17T00:00:00Z,N,NA,NA
virginia,1975,1,1973-03-09T00:00:00Z,2025-07-17T00:00:00Z,N,NA,NA
washington,1975,0,1979-05-11T00:00:00Z,2025-07-17T00:00:00Z,N,NA,NA
west virginia,1975,0,1977-07-08T00:00:00Z,2025-07-17T00:00:00Z,N,NA,NA
wisconsin,1975,0,1977-01-01T00:00:00Z,1987-08-06T00:00:00Z,Y,1992-05-12T00:00:00Z,"Reenacted approval process, “quasi-CON”"
wyoming,1975,0,1977-05-27T00:00:00Z,2025-07-17T00:00:00Z,N,NA,"Repealed CON in March 13, 1987, except for nursing homes"
alabama,1976,0,1979-07-30T00:00:00Z,2025-07-17T00:00:00Z,N,NA,NA
alaska,1976,1,1976-07-01T00:00:00Z,2025-07-17T00:00:00Z,N,NA,NA
arizona,1976,1,1975-06-12T00:00:00Z,1985-03-15T00:00:00Z,N,NA,Certificate of Necessity for ambulances passed in 1993
arkansas,1976,1,1975-03-25T00:00:00Z,1987-01-01T00:00:00Z,Y,1987-01-01T00:00:00Z,"Reinstated Permit of Approval program, more relaxed CON law"
california,1976,0,1976-09-09T00:00:00Z,1987-01-01T00:00:00Z,N,NA,NA
colorado,1976,1,1973-05-30T00:00:00Z,1987-07-01T00:00:00Z,N,NA,NA
connecticut,1976,1,1973-07-01T00:00:00Z,2025-07-17T00:00:00Z,N,NA,"CON for Long Term Care Facilities became effective July 1, 1993"
delaware,1976,0,1978-06-30T00:00:00Z,2025-07-17T00:00:00Z,N,NA,NA
florida,1976,1,1973-07-01T00:00:00Z,2025-07-17T00:00:00Z,N,NA,NA
georgia,1976,0,1979-07-01T00:00:00Z,2025-07-17T00:00:00Z,N,NA,NA
hawaii,1976,1,1975-07-01T00:00:00Z,2025-07-17T00:00:00Z,N,NA,NA
idaho,1976,0,1980-03-20T00:00:00Z,1983-07-01T00:00:00Z,N,NA,CON expired in 1983 but repealed in 2004
illinois,1976,1,1974-07-01T00:00:00Z,2025-07-17T00:00:00Z,N,NA,"CON laws subject to review December 31st, 2029"
indiana,1976,0,1980-01-01T00:00:00Z,1999-01-01T00:00:00Z,Y,2019-01-01T00:00:00Z,No CON laws in 1996; 2018 CON law only applies to nursing homes
iowa,1976,0,1978-07-01T00:00:00Z,2025-07-17T00:00:00Z,N,NA,NA
kansas,1976,1,1972-03-21T00:00:00Z,1985-04-23T00:00:00Z,N,NA,NA
kentucky,1976,1,1972-07-01T00:00:00Z,2025-07-17T00:00:00Z,N,NA,NA
louisiana,1976,0,1990-07-06T00:00:00Z,2025-07-17T00:00:00Z,N,NA,NA
maine,1976,0,1978-03-30T00:00:00Z,2025-07-17T00:00:00Z,N,NA,NA
maryland,1976,1,1968-01-01T00:00:00Z,2025-07-17T00:00:00Z,N,NA,NA
massachusetts,1976,1,1972-06-01T00:00:00Z,2025-07-17T00:00:00Z,N,NA,NA
michigan,1976,1,1972-08-08T00:00:00Z,2025-07-17T00:00:00Z,N,NA,NA
minnesota,1976,1,1971-07-01T00:00:00Z,2025-07-17T00:00:00Z,N,NA,"Hospital moratorium from 1984 to June 30, 1987; 2004 public review"
mississippi,1976,0,1979-07-01T00:00:00Z,2025-07-17T00:00:00Z,N,NA,NA
missouri,1976,0,1980-10-01T00:00:00Z,2025-07-17T00:00:00Z,N,NA,NA
montana,1976,1,1975-04-16T00:00:00Z,2025-07-17T00:00:00Z,N,NA,"Repealed CON in 2019, generally, except for long-term care facilities"
nebraska,1976,0,1979-05-22T00:00:00Z,2025-07-17T00:00:00Z,N,NA,NA
nevada,1976,1,1972-07-01T00:00:00Z,2025-07-17T00:00:00Z,N,NA,NA
new hampshire,1976,0,1979-07-01T00:00:00Z,2025-07-17T00:00:00Z,N,NA,"Repealed CON June 30, 2016 and immediately implemented quasi-CON July 1, 2016"
new jersey,1976,1,1971-05-10T00:00:00Z,2025-07-17T00:00:00Z,N,NA,NA
new mexico,1976,0,1978-03-06T00:00:00Z,1981-01-01T00:00:00Z,N,NA,"Repealed CON, except for ambulance services"
new york,1976,1,1964-10-01T00:00:00Z,2025-07-17T00:00:00Z,N,NA,NA
north carolina,1976,0,1971-07-21T00:00:00Z,1973-03-28T00:00:00Z,Y,1979-01-01T00:00:00Z,NA
north dakota,1976,1,1971-03-27T00:00:00Z,1995-01-01T00:00:00Z,N,NA,NA
ohio,1976,1,1975-08-25T00:00:00Z,2025-07-17T00:00:00Z,N,NA,"Amendments added in March 15, 1979 and only regulates long-term care now"
oklahoma,1976,1,1971-04-08T00:00:00Z,2025-07-17T00:00:00Z,N,NA,"Repealed CON for Psychiatric and Chemical Dependency Facilities passed in 1989 on May 6, 2024"
oregon,1976,1,1971-07-01T00:00:00Z,2025-07-17T00:00:00Z,N,NA,NA
pennsylvania,1976,0,1979-10-01T00:00:00Z,1996-12-31T00:00:00Z,N,NA,"Original expiration date was December 31, 1992 but legislature extended law by 4-years"
rhode island,1976,1,1969-01-01T00:00:00Z,2025-07-17T00:00:00Z,N,NA,NA
south carolina,1976,1,1971-06-03T00:00:00Z,2025-07-17T00:00:00Z,N,NA,"CON laws subject to review January, 2027"
south dakota,1976,1,1972-02-09T00:00:00Z,1988-01-01T00:00:00Z,N,NA,NA
tennessee,1976,1,1973-07-01T00:00:00Z,2025-07-17T00:00:00Z,N,NA,NA
texas,1976,1,1971-05-26T00:00:00Z,1985-01-01T00:00:00Z,N,NA,NA
utah,1976,0,1979-05-08T00:00:00Z,1984-12-31T00:00:00Z,N,NA,NA
vermont,1976,0,1979-05-08T00:00:00Z,2025-07-17T00:00:00Z,N,NA,NA
virginia,1976,1,1973-03-09T00:00:00Z,2025-07-17T00:00:00Z,N,NA,NA
washington,1976,0,1979-05-11T00:00:00Z,2025-07-17T00:00:00Z,N,NA,NA
west virginia,1976,0,1977-07-08T00:00:00Z,2025-07-17T00:00:00Z,N,NA,NA
wisconsin,1976,0,1977-01-01T00:00:00Z,1987-08-06T00:00:00Z,Y,1992-05-12T00:00:00Z,"Reenacted approval process, “quasi-CON”"
wyoming,1976,0,1977-05-27T00:00:00Z,2025-07-17T00:00:00Z,N,NA,"Repealed CON in March 13, 1987, except for nursing homes"
alabama,1977,0,1979-07-30T00:00:00Z,2025-07-17T00:00:00Z,N,NA,NA
alaska,1977,1,1976-07-01T00:00:00Z,2025-07-17T00:00:00Z,N,NA,NA
arizona,1977,1,1975-06-12T00:00:00Z,1985-03-15T00:00:00Z,N,NA,Certificate of Necessity for ambulances passed in 1993
arkansas,1977,1,1975-03-25T00:00:00Z,1987-01-01T00:00:00Z,Y,1987-01-01T00:00:00Z,"Reinstated Permit of Approval program, more relaxed CON law"
california,1977,1,1976-09-09T00:00:00Z,1987-01-01T00:00:00Z,N,NA,NA
colorado,1977,1,1973-05-30T00:00:00Z,1987-07-01T00:00:00Z,N,NA,NA
connecticut,1977,1,1973-07-01T00:00:00Z,2025-07-17T00:00:00Z,N,NA,"CON for Long Term Care Facilities became effective July 1, 1993"
delaware,1977,0,1978-06-30T00:00:00Z,2025-07-17T00:00:00Z,N,NA,NA
florida,1977,1,1973-07-01T00:00:00Z,2025-07-17T00:00:00Z,N,NA,NA
georgia,1977,0,1979-07-01T00:00:00Z,2025-07-17T00:00:00Z,N,NA,NA
hawaii,1977,1,1975-07-01T00:00:00Z,2025-07-17T00:00:00Z,N,NA,NA
idaho,1977,0,1980-03-20T00:00:00Z,1983-07-01T00:00:00Z,N,NA,CON expired in 1983 but repealed in 2004
illinois,1977,1,1974-07-01T00:00:00Z,2025-07-17T00:00:00Z,N,NA,"CON laws subject to review December 31st, 2029"
indiana,1977,0,1980-01-01T00:00:00Z,1999-01-01T00:00:00Z,Y,2019-01-01T00:00:00Z,No CON laws in 1996; 2018 CON law only applies to nursing homes
iowa,1977,0,1978-07-01T00:00:00Z,2025-07-17T00:00:00Z,N,NA,NA
kansas,1977,1,1972-03-21T00:00:00Z,1985-04-23T00:00:00Z,N,NA,NA
kentucky,1977,1,1972-07-01T00:00:00Z,2025-07-17T00:00:00Z,N,NA,NA
louisiana,1977,0,1990-07-06T00:00:00Z,2025-07-17T00:00:00Z,N,NA,NA
maine,1977,0,1978-03-30T00:00:00Z,2025-07-17T00:00:00Z,N,NA,NA
maryland,1977,1,1968-01-01T00:00:00Z,2025-07-17T00:00:00Z,N,NA,NA
massachusetts,1977,1,1972-06-01T00:00:00Z,2025-07-17T00:00:00Z,N,NA,NA
michigan,1977,1,1972-08-08T00:00:00Z,2025-07-17T00:00:00Z,N,NA,NA
minnesota,1977,1,1971-07-01T00:00:00Z,2025-07-17T00:00:00Z,N,NA,"Hospital moratorium from 1984 to June 30, 1987; 2004 public review"
mississippi,1977,0,1979-07-01T00:00:00Z,2025-07-17T00:00:00Z,N,NA,NA
missouri,1977,0,1980-10-01T00:00:00Z,2025-07-17T00:00:00Z,N,NA,NA
montana,1977,1,1975-04-16T00:00:00Z,2025-07-17T00:00:00Z,N,NA,"Repealed CON in 2019, generally, except for long-term care facilities"
nebraska,1977,0,1979-05-22T00:00:00Z,2025-07-17T00:00:00Z,N,NA,NA
nevada,1977,1,1972-07-01T00:00:00Z,2025-07-17T00:00:00Z,N,NA,NA
new hampshire,1977,0,1979-07-01T00:00:00Z,2025-07-17T00:00:00Z,N,NA,"Repealed CON June 30, 2016 and immediately implemented quasi-CON July 1, 2016"
new jersey,1977,1,1971-05-10T00:00:00Z,2025-07-17T00:00:00Z,N,NA,NA
new mexico,1977,0,1978-03-06T00:00:00Z,1981-01-01T00:00:00Z,N,NA,"Repealed CON, except for ambulance services"
new york,1977,1,1964-10-01T00:00:00Z,2025-07-17T00:00:00Z,N,NA,NA
north carolina,1977,0,1971-07-21T00:00:00Z,1973-03-28T00:00:00Z,Y,1979-01-01T00:00:00Z,NA
north dakota,1977,1,1971-03-27T00:00:00Z,1995-01-01T00:00:00Z,N,NA,NA
ohio,1977,1,1975-08-25T00:00:00Z,2025-07-17T00:00:00Z,N,NA,"Amendments added in March 15, 1979 and only regulates long-term care now"
oklahoma,1977,1,1971-04-08T00:00:00Z,2025-07-17T00:00:00Z,N,NA,"Repealed CON for Psychiatric and Chemical Dependency Facilities passed in 1989 on May 6, 2024"
oregon,1977,1,1971-07-01T00:00:00Z,2025-07-17T00:00:00Z,N,NA,NA
pennsylvania,1977,0,1979-10-01T00:00:00Z,1996-12-31T00:00:00Z,N,NA,"Original expiration date was December 31, 1992 but legislature extended law by 4-years"
rhode island,1977,1,1969-01-01T00:00:00Z,2025-07-17T00:00:00Z,N,NA,NA
south carolina,1977,1,1971-06-03T00:00:00Z,2025-07-17T00:00:00Z,N,NA,"CON laws subject to review January, 2027"
south dakota,1977,1,1972-02-09T00:00:00Z,1988-01-01T00:00:00Z,N,NA,NA
tennessee,1977,1,1973-07-01T00:00:00Z,2025-07-17T00:00:00Z,N,NA,NA
texas,1977,1,1971-05-26T00:00:00Z,1985-01-01T00:00:00Z,N,NA,NA
utah,1977,0,1979-05-08T00:00:00Z,1984-12-31T00:00:00Z,N,NA,NA
vermont,1977,0,1979-05-08T00:00:00Z,2025-07-17T00:00:00Z,N,NA,NA
virginia,1977,1,1973-03-09T00:00:00Z,2025-07-17T00:00:00Z,N,NA,NA
washington,1977,0,1979-05-11T00:00:00Z,2025-07-17T00:00:00Z,N,NA,NA
west virginia,1977,0,1977-07-08T00:00:00Z,2025-07-17T00:00:00Z,N,NA,NA
wisconsin,1977,1,1977-01-01T00:00:00Z,1987-08-06T00:00:00Z,Y,1992-05-12T00:00:00Z,"Reenacted approval process, “quasi-CON”"
wyoming,1977,1,1977-05-27T00:00:00Z,2025-07-17T00:00:00Z,N,NA,"Repealed CON in March 13, 1987, except for nursing homes"
alabama,1978,0,1979-07-30T00:00:00Z,2025-07-17T00:00:00Z,N,NA,NA
alaska,1978,1,1976-07-01T00:00:00Z,2025-07-17T00:00:00Z,N,NA,NA
arizona,1978,1,1975-06-12T00:00:00Z,1985-03-15T00:00:00Z,N,NA,Certificate of Necessity for ambulances passed in 1993
arkansas,1978,1,1975-03-25T00:00:00Z,1987-01-01T00:00:00Z,Y,1987-01-01T00:00:00Z,"Reinstated Permit of Approval program, more relaxed CON law"
california,1978,1,1976-09-09T00:00:00Z,1987-01-01T00:00:00Z,N,NA,NA
colorado,1978,1,1973-05-30T00:00:00Z,1987-07-01T00:00:00Z,N,NA,NA
connecticut,1978,1,1973-07-01T00:00:00Z,2025-07-17T00:00:00Z,N,NA,"CON for Long Term Care Facilities became effective July 1, 1993"
delaware,1978,1,1978-06-30T00:00:00Z,2025-07-17T00:00:00Z,N,NA,NA
florida,1978,1,1973-07-01T00:00:00Z,2025-07-17T00:00:00Z,N,NA,NA
georgia,1978,0,1979-07-01T00:00:00Z,2025-07-17T00:00:00Z,N,NA,NA
hawaii,1978,1,1975-07-01T00:00:00Z,2025-07-17T00:00:00Z,N,NA,NA
idaho,1978,0,1980-03-20T00:00:00Z,1983-07-01T00:00:00Z,N,NA,CON expired in 1983 but repealed in 2004
illinois,1978,1,1974-07-01T00:00:00Z,2025-07-17T00:00:00Z,N,NA,"CON laws subject to review December 31st, 2029"
indiana,1978,0,1980-01-01T00:00:00Z,1999-01-01T00:00:00Z,Y,2019-01-01T00:00:00Z,No CON laws in 1996; 2018 CON law only applies to nursing homes
iowa,1978,1,1978-07-01T00:00:00Z,2025-07-17T00:00:00Z,N,NA,NA
kansas,1978,1,1972-03-21T00:00:00Z,1985-04-23T00:00:00Z,N,NA,NA
kentucky,1978,1,1972-07-01T00:00:00Z,2025-07-17T00:00:00Z,N,NA,NA
louisiana,1978,0,1990-07-06T00:00:00Z,2025-07-17T00:00:00Z,N,NA,NA
maine,1978,1,1978-03-30T00:00:00Z,2025-07-17T00:00:00Z,N,NA,NA
maryland,1978,1,1968-01-01T00:00:00Z,2025-07-17T00:00:00Z,N,NA,NA
massachusetts,1978,1,1972-06-01T00:00:00Z,2025-07-17T00:00:00Z,N,NA,NA
michigan,1978,1,1972-08-08T00:00:00Z,2025-07-17T00:00:00Z,N,NA,NA
minnesota,1978,1,1971-07-01T00:00:00Z,2025-07-17T00:00:00Z,N,NA,"Hospital moratorium from 1984 to June 30, 1987; 2004 public review"
mississippi,1978,0,1979-07-01T00:00:00Z,2025-07-17T00:00:00Z,N,NA,NA
missouri,1978,0,1980-10-01T00:00:00Z,2025-07-17T00:00:00Z,N,NA,NA
montana,1978,1,1975-04-16T00:00:00Z,2025-07-17T00:00:00Z,N,NA,"Repealed CON in 2019, generally, except for long-term care facilities"
nebraska,1978,0,1979-05-22T00:00:00Z,2025-07-17T00:00:00Z,N,NA,NA
nevada,1978,1,1972-07-01T00:00:00Z,2025-07-17T00:00:00Z,N,NA,NA
new hampshire,1978,0,1979-07-01T00:00:00Z,2025-07-17T00:00:00Z,N,NA,"Repealed CON June 30, 2016 and immediately implemented quasi-CON July 1, 2016"
new jersey,1978,1,1971-05-10T00:00:00Z,2025-07-17T00:00:00Z,N,NA,NA
new mexico,1978,1,1978-03-06T00:00:00Z,1981-01-01T00:00:00Z,N,NA,"Repealed CON, except for ambulance services"
new york,1978,1,1964-10-01T00:00:00Z,2025-07-17T00:00:00Z,N,NA,NA
north carolina,1978,0,1971-07-21T00:00:00Z,1973-03-28T00:00:00Z,Y,1979-01-01T00:00:00Z,NA
north dakota,1978,1,1971-03-27T00:00:00Z,1995-01-01T00:00:00Z,N,NA,NA
ohio,1978,1,1975-08-25T00:00:00Z,2025-07-17T00:00:00Z,N,NA,"Amendments added in March 15, 1979 and only regulates long-term care now"
oklahoma,1978,1,1971-04-08T00:00:00Z,2025-07-17T00:00:00Z,N,NA,"Repealed CON for Psychiatric and Chemical Dependency Facilities passed in 1989 on May 6, 2024"
oregon,1978,1,1971-07-01T00:00:00Z,2025-07-17T00:00:00Z,N,NA,NA
pennsylvania,1978,0,1979-10-01T00:00:00Z,1996-12-31T00:00:00Z,N,NA,"Original expiration date was December 31, 1992 but legislature extended law by 4-years"
rhode island,1978,1,1969-01-01T00:00:00Z,2025-07-17T00:00:00Z,N,NA,NA
south carolina,1978,1,1971-06-03T00:00:00Z,2025-07-17T00:00:00Z,N,NA,"CON laws subject to review January, 2027"
south dakota,1978,1,1972-02-09T00:00:00Z,1988-01-01T00:00:00Z,N,NA,NA
tennessee,1978,1,1973-07-01T00:00:00Z,2025-07-17T00:00:00Z,N,NA,NA
texas,1978,1,1971-05-26T00:00:00Z,1985-01-01T00:00:00Z,N,NA,NA
utah,1978,0,1979-05-08T00:00:00Z,1984-12-31T00:00:00Z,N,NA,NA
vermont,1978,0,1979-05-08T00:00:00Z,2025-07-17T00:00:00Z,N,NA,NA
virginia,1978,1,1973-03-09T00:00:00Z,2025-07-17T00:00:00Z,N,NA,NA
washington,1978,0,1979-05-11T00:00:00Z,2025-07-17T00:00:00Z,N,NA,NA
west virginia,1978,1,1977-07-08T00:00:00Z,2025-07-17T00:00:00Z,N,NA,NA
wisconsin,1978,1,1977-01-01T00:00:00Z,1987-08-06T00:00:00Z,Y,1992-05-12T00:00:00Z,"Reenacted approval process, “quasi-CON”"
wyoming,1978,1,1977-05-27T00:00:00Z,2025-07-17T00:00:00Z,N,NA,"Repealed CON in March 13, 1987, except for nursing homes"
alabama,1979,0,1979-07-30T00:00:00Z,2025-07-17T00:00:00Z,N,NA,NA
alaska,1979,1,1976-07-01T00:00:00Z,2025-07-17T00:00:00Z,N,NA,NA
arizona,1979,1,1975-06-12T00:00:00Z,1985-03-15T00:00:00Z,N,NA,Certificate of Necessity for ambulances passed in 1993
arkansas,1979,1,1975-03-25T00:00:00Z,1987-01-01T00:00:00Z,Y,1987-01-01T00:00:00Z,"Reinstated Permit of Approval program, more relaxed CON law"
california,1979,1,1976-09-09T00:00:00Z,1987-01-01T00:00:00Z,N,NA,NA
colorado,1979,1,1973-05-30T00:00:00Z,1987-07-01T00:00:00Z,N,NA,NA
connecticut,1979,1,1973-07-01T00:00:00Z,2025-07-17T00:00:00Z,N,NA,"CON for Long Term Care Facilities became effective July 1, 1993"
delaware,1979,1,1978-06-30T00:00:00Z,2025-07-17T00:00:00Z,N,NA,NA
florida,1979,1,1973-07-01T00:00:00Z,2025-07-17T00:00:00Z,N,NA,NA
georgia,1979,1,1979-07-01T00:00:00Z,2025-07-17T00:00:00Z,N,NA,NA
hawaii,1979,1,1975-07-01T00:00:00Z,2025-07-17T00:00:00Z,N,NA,NA
idaho,1979,0,1980-03-20T00:00:00Z,1983-07-01T00:00:00Z,N,NA,CON expired in 1983 but repealed in 2004
illinois,1979,1,1974-07-01T00:00:00Z,2025-07-17T00:00:00Z,N,NA,"CON laws subject to review December 31st, 2029"
indiana,1979,0,1980-01-01T00:00:00Z,1999-01-01T00:00:00Z,Y,2019-01-01T00:00:00Z,No CON laws in 1996; 2018 CON law only applies to nursing homes
iowa,1979,1,1978-07-01T00:00:00Z,2025-07-17T00:00:00Z,N,NA,NA
kansas,1979,1,1972-03-21T00:00:00Z,1985-04-23T00:00:00Z,N,NA,NA
kentucky,1979,1,1972-07-01T00:00:00Z,2025-07-17T00:00:00Z,N,NA,NA
louisiana,1979,0,1990-07-06T00:00:00Z,2025-07-17T00:00:00Z,N,NA,NA
maine,1979,1,1978-03-30T00:00:00Z,2025-07-17T00:00:00Z,N,NA,NA
maryland,1979,1,1968-01-01T00:00:00Z,2025-07-17T00:00:00Z,N,NA,NA
massachusetts,1979,1,1972-06-01T00:00:00Z,2025-07-17T00:00:00Z,N,NA,NA
michigan,1979,1,1972-08-08T00:00:00Z,2025-07-17T00:00:00Z,N,NA,NA
minnesota,1979,1,1971-07-01T00:00:00Z,2025-07-17T00:00:00Z,N,NA,"Hospital moratorium from 1984 to June 30, 1987; 2004 public review"
mississippi,1979,1,1979-07-01T00:00:00Z,2025-07-17T00:00:00Z,N,NA,NA
missouri,1979,0,1980-10-01T00:00:00Z,2025-07-17T00:00:00Z,N,NA,NA
montana,1979,1,1975-04-16T00:00:00Z,2025-07-17T00:00:00Z,N,NA,"Repealed CON in 2019, generally, except for long-term care facilities"
nebraska,1979,1,1979-05-22T00:00:00Z,2025-07-17T00:00:00Z,N,NA,NA
nevada,1979,1,1972-07-01T00:00:00Z,2025-07-17T00:00:00Z,N,NA,NA
new hampshire,1979,1,1979-07-01T00:00:00Z,2025-07-17T00:00:00Z,N,NA,"Repealed CON June 30, 2016 and immediately implemented quasi-CON July 1, 2016"
new jersey,1979,1,1971-05-10T00:00:00Z,2025-07-17T00:00:00Z,N,NA,NA
new mexico,1979,1,1978-03-06T00:00:00Z,1981-01-01T00:00:00Z,N,NA,"Repealed CON, except for ambulance services"
new york,1979,1,1964-10-01T00:00:00Z,2025-07-17T00:00:00Z,N,NA,NA
north carolina,1979,1,1971-07-21T00:00:00Z,1973-03-28T00:00:00Z,Y,1979-01-01T00:00:00Z,NA
north dakota,1979,1,1971-03-27T00:00:00Z,1995-01-01T00:00:00Z,N,NA,NA
ohio,1979,1,1975-08-25T00:00:00Z,2025-07-17T00:00:00Z,N,NA,"Amendments added in March 15, 1979 and only regulates long-term care now"
oklahoma,1979,1,1971-04-08T00:00:00Z,2025-07-17T00:00:00Z,N,NA,"Repealed CON for Psychiatric and Chemical Dependency Facilities passed in 1989 on May 6, 2024"
oregon,1979,1,1971-07-01T00:00:00Z,2025-07-17T00:00:00Z,N,NA,NA
pennsylvania,1979,0,1979-10-01T00:00:00Z,1996-12-31T00:00:00Z,N,NA,"Original expiration date was December 31, 1992 but legislature extended law by 4-years"
rhode island,1979,1,1969-01-01T00:00:00Z,2025-07-17T00:00:00Z,N,NA,NA
south carolina,1979,1,1971-06-03T00:00:00Z,2025-07-17T00:00:00Z,N,NA,"CON laws subject to review January, 2027"
south dakota,1979,1,1972-02-09T00:00:00Z,1988-01-01T00:00:00Z,N,NA,NA
tennessee,1979,1,1973-07-01T00:00:00Z,2025-07-17T00:00:00Z,N,NA,NA
texas,1979,1,1971-05-26T00:00:00Z,1985-01-01T00:00:00Z,N,NA,NA
utah,1979,1,1979-05-08T00:00:00Z,1984-12-31T00:00:00Z,N,NA,NA
vermont,1979,1,1979-05-08T00:00:00Z,2025-07-17T00:00:00Z,N,NA,NA
virginia,1979,1,1973-03-09T00:00:00Z,2025-07-17T00:00:00Z,N,NA,NA
washington,1979,1,1979-05-11T00:00:00Z,2025-07-17T00:00:00Z,N,NA,NA
west virginia,1979,1,1977-07-08T00:00:00Z,2025-07-17T00:00:00Z,N,NA,NA
wisconsin,1979,1,1977-01-01T00:00:00Z,1987-08-06T00:00:00Z,Y,1992-05-12T00:00:00Z,"Reenacted approval process, “quasi-CON”"
wyoming,1979,1,1977-05-27T00:00:00Z,2025-07-17T00:00:00Z,N,NA,"Repealed CON in March 13, 1987, except for nursing homes"
alabama,1980,1,1979-07-30T00:00:00Z,2025-07-17T00:00:00Z,N,NA,NA
alaska,1980,1,1976-07-01T00:00:00Z,2025-07-17T00:00:00Z,N,NA,NA
arizona,1980,1,1975-06-12T00:00:00Z,1985-03-15T00:00:00Z,N,NA,Certificate of Necessity for ambulances passed in 1993
arkansas,1980,1,1975-03-25T00:00:00Z,1987-01-01T00:00:00Z,Y,1987-01-01T00:00:00Z,"Reinstated Permit of Approval program, more relaxed CON law"
california,1980,1,1976-09-09T00:00:00Z,1987-01-01T00:00:00Z,N,NA,NA
colorado,1980,1,1973-05-30T00:00:00Z,1987-07-01T00:00:00Z,N,NA,NA
connecticut,1980,1,1973-07-01T00:00:00Z,2025-07-17T00:00:00Z,N,NA,"CON for Long Term Care Facilities became effective July 1, 1993"
delaware,1980,1,1978-06-30T00:00:00Z,2025-07-17T00:00:00Z,N,NA,NA
florida,1980,1,1973-07-01T00:00:00Z,2025-07-17T00:00:00Z,N,NA,NA
georgia,1980,1,1979-07-01T00:00:00Z,2025-07-17T00:00:00Z,N,NA,NA
hawaii,1980,1,1975-07-01T00:00:00Z,2025-07-17T00:00:00Z,N,NA,NA
idaho,1980,1,1980-03-20T00:00:00Z,1983-07-01T00:00:00Z,N,NA,CON expired in 1983 but repealed in 2004
illinois,1980,1,1974-07-01T00:00:00Z,2025-07-17T00:00:00Z,N,NA,"CON laws subject to review December 31st, 2029"
indiana,1980,1,1980-01-01T00:00:00Z,1999-01-01T00:00:00Z,Y,2019-01-01T00:00:00Z,No CON laws in 1996; 2018 CON law only applies to nursing homes
iowa,1980,1,1978-07-01T00:00:00Z,2025-07-17T00:00:00Z,N,NA,NA
kansas,1980,1,1972-03-21T00:00:00Z,1985-04-23T00:00:00Z,N,NA,NA
kentucky,1980,1,1972-07-01T00:00:00Z,2025-07-17T00:00:00Z,N,NA,NA
louisiana,1980,0,1990-07-06T00:00:00Z,2025-07-17T00:00:00Z,N,NA,NA
maine,1980,1,1978-03-30T00:00:00Z,2025-07-17T00:00:00Z,N,NA,NA
maryland,1980,1,1968-01-01T00:00:00Z,2025-07-17T00:00:00Z,N,NA,NA
massachusetts,1980,1,1972-06-01T00:00:00Z,2025-07-17T00:00:00Z,N,NA,NA
michigan,1980,1,1972-08-08T00:00:00Z,2025-07-17T00:00:00Z,N,NA,NA
minnesota,1980,1,1971-07-01T00:00:00Z,2025-07-17T00:00:00Z,N,NA,"Hospital moratorium from 1984 to June 30, 1987; 2004 public review"
mississippi,1980,1,1979-07-01T00:00:00Z,2025-07-17T00:00:00Z,N,NA,NA
missouri,1980,0,1980-10-01T00:00:00Z,2025-07-17T00:00:00Z,N,NA,NA
montana,1980,1,1975-04-16T00:00:00Z,2025-07-17T00:00:00Z,N,NA,"Repealed CON in 2019, generally, except for long-term care facilities"
nebraska,1980,1,1979-05-22T00:00:00Z,2025-07-17T00:00:00Z,N,NA,NA
nevada,1980,1,1972-07-01T00:00:00Z,2025-07-17T00:00:00Z,N,NA,NA
new hampshire,1980,1,1979-07-01T00:00:00Z,2025-07-17T00:00:00Z,N,NA,"Repealed CON June 30, 2016 and immediately implemented quasi-CON July 1, 2016"
new jersey,1980,1,1971-05-10T00:00:00Z,2025-07-17T00:00:00Z,N,NA,NA
new mexico,1980,1,1978-03-06T00:00:00Z,1981-01-01T00:00:00Z,N,NA,"Repealed CON, except for ambulance services"
new york,1980,1,1964-10-01T00:00:00Z,2025-07-17T00:00:00Z,N,NA,NA
north carolina,1980,1,1971-07-21T00:00:00Z,1973-03-28T00:00:00Z,Y,1979-01-01T00:00:00Z,NA
north dakota,1980,1,1971-03-27T00:00:00Z,1995-01-01T00:00:00Z,N,NA,NA
ohio,1980,1,1975-08-25T00:00:00Z,2025-07-17T00:00:00Z,N,NA,"Amendments added in March 15, 1979 and only regulates long-term care now"
oklahoma,1980,1,1971-04-08T00:00:00Z,2025-07-17T00:00:00Z,N,NA,"Repealed CON for Psychiatric and Chemical Dependency Facilities passed in 1989 on May 6, 2024"
oregon,1980,1,1971-07-01T00:00:00Z,2025-07-17T00:00:00Z,N,NA,NA
pennsylvania,1980,1,1979-10-01T00:00:00Z,1996-12-31T00:00:00Z,N,NA,"Original expiration date was December 31, 1992 but legislature extended law by 4-years"
rhode island,1980,1,1969-01-01T00:00:00Z,2025-07-17T00:00:00Z,N,NA,NA
south carolina,1980,1,1971-06-03T00:00:00Z,2025-07-17T00:00:00Z,N,NA,"CON laws subject to review January, 2027"
south dakota,1980,1,1972-02-09T00:00:00Z,1988-01-01T00:00:00Z,N,NA,NA
tennessee,1980,1,1973-07-01T00:00:00Z,2025-07-17T00:00:00Z,N,NA,NA
texas,1980,1,1971-05-26T00:00:00Z,1985-01-01T00:00:00Z,N,NA,NA
utah,1980,1,1979-05-08T00:00:00Z,1984-12-31T00:00:00Z,N,NA,NA
vermont,1980,1,1979-05-08T00:00:00Z,2025-07-17T00:00:00Z,N,NA,NA
virginia,1980,1,1973-03-09T00:00:00Z,2025-07-17T00:00:00Z,N,NA,NA
washington,1980,1,1979-05-11T00:00:00Z,2025-07-17T00:00:00Z,N,NA,NA
west virginia,1980,1,1977-07-08T00:00:00Z,2025-07-17T00:00:00Z,N,NA,NA
wisconsin,1980,1,1977-01-01T00:00:00Z,1987-08-06T00:00:00Z,Y,1992-05-12T00:00:00Z,"Reenacted approval process, “quasi-CON”"
wyoming,1980,1,1977-05-27T00:00:00Z,2025-07-17T00:00:00Z,N,NA,"Repealed CON in March 13, 1987, except for nursing homes"
alabama,1981,1,1979-07-30T00:00:00Z,2025-07-17T00:00:00Z,N,NA,NA
alaska,1981,1,1976-07-01T00:00:00Z,2025-07-17T00:00:00Z,N,NA,NA
arizona,1981,1,1975-06-12T00:00:00Z,1985-03-15T00:00:00Z,N,NA,Certificate of Necessity for ambulances passed in 1993
arkansas,1981,1,1975-03-25T00:00:00Z,1987-01-01T00:00:00Z,Y,1987-01-01T00:00:00Z,"Reinstated Permit of Approval program, more relaxed CON law"
california,1981,1,1976-09-09T00:00:00Z,1987-01-01T00:00:00Z,N,NA,NA
colorado,1981,1,1973-05-30T00:00:00Z,1987-07-01T00:00:00Z,N,NA,NA
connecticut,1981,1,1973-07-01T00:00:00Z,2025-07-17T00:00:00Z,N,NA,"CON for Long Term Care Facilities became effective July 1, 1993"
delaware,1981,1,1978-06-30T00:00:00Z,2025-07-17T00:00:00Z,N,NA,NA
florida,1981,1,1973-07-01T00:00:00Z,2025-07-17T00:00:00Z,N,NA,NA
georgia,1981,1,1979-07-01T00:00:00Z,2025-07-17T00:00:00Z,N,NA,NA
hawaii,1981,1,1975-07-01T00:00:00Z,2025-07-17T00:00:00Z,N,NA,NA
idaho,1981,1,1980-03-20T00:00:00Z,1983-07-01T00:00:00Z,N,NA,CON expired in 1983 but repealed in 2004
illinois,1981,1,1974-07-01T00:00:00Z,2025-07-17T00:00:00Z,N,NA,"CON laws subject to review December 31st, 2029"
indiana,1981,1,1980-01-01T00:00:00Z,1999-01-01T00:00:00Z,Y,2019-01-01T00:00:00Z,No CON laws in 1996; 2018 CON law only applies to nursing homes
iowa,1981,1,1978-07-01T00:00:00Z,2025-07-17T00:00:00Z,N,NA,NA
kansas,1981,1,1972-03-21T00:00:00Z,1985-04-23T00:00:00Z,N,NA,NA
kentucky,1981,1,1972-07-01T00:00:00Z,2025-07-17T00:00:00Z,N,NA,NA
louisiana,1981,0,1990-07-06T00:00:00Z,2025-07-17T00:00:00Z,N,NA,NA
maine,1981,1,1978-03-30T00:00:00Z,2025-07-17T00:00:00Z,N,NA,NA
maryland,1981,1,1968-01-01T00:00:00Z,2025-07-17T00:00:00Z,N,NA,NA
massachusetts,1981,1,1972-06-01T00:00:00Z,2025-07-17T00:00:00Z,N,NA,NA
michigan,1981,1,1972-08-08T00:00:00Z,2025-07-17T00:00:00Z,N,NA,NA
minnesota,1981,1,1971-07-01T00:00:00Z,2025-07-17T00:00:00Z,N,NA,"Hospital moratorium from 1984 to June 30, 1987; 2004 public review"
mississippi,1981,1,1979-07-01T00:00:00Z,2025-07-17T00:00:00Z,N,NA,NA
missouri,1981,1,1980-10-01T00:00:00Z,2025-07-17T00:00:00Z,N,NA,NA
montana,1981,1,1975-04-16T00:00:00Z,2025-07-17T00:00:00Z,N,NA,"Repealed CON in 2019, generally, except for long-term care facilities"
nebraska,1981,1,1979-05-22T00:00:00Z,2025-07-17T00:00:00Z,N,NA,NA
nevada,1981,1,1972-07-01T00:00:00Z,2025-07-17T00:00:00Z,N,NA,NA
new hampshire,1981,1,1979-07-01T00:00:00Z,2025-07-17T00:00:00Z,N,NA,"Repealed CON June 30, 2016 and immediately implemented quasi-CON July 1, 2016"
new jersey,1981,1,1971-05-10T00:00:00Z,2025-07-17T00:00:00Z,N,NA,NA
new mexico,1981,0,1978-03-06T00:00:00Z,1981-01-01T00:00:00Z,N,NA,"Repealed CON, except for ambulance services"
new york,1981,1,1964-10-01T00:00:00Z,2025-07-17T00:00:00Z,N,NA,NA
north carolina,1981,1,1971-07-21T00:00:00Z,1973-03-28T00:00:00Z,Y,1979-01-01T00:00:00Z,NA
north dakota,1981,1,1971-03-27T00:00:00Z,1995-01-01T00:00:00Z,N,NA,NA
ohio,1981,1,1975-08-25T00:00:00Z,2025-07-17T00:00:00Z,N,NA,"Amendments added in March 15, 1979 and only regulates long-term care now"
oklahoma,1981,1,1971-04-08T00:00:00Z,2025-07-17T00:00:00Z,N,NA,"Repealed CON for Psychiatric and Chemical Dependency Facilities passed in 1989 on May 6, 2024"
oregon,1981,1,1971-07-01T00:00:00Z,2025-07-17T00:00:00Z,N,NA,NA
pennsylvania,1981,1,1979-10-01T00:00:00Z,1996-12-31T00:00:00Z,N,NA,"Original expiration date was December 31, 1992 but legislature extended law by 4-years"
rhode island,1981,1,1969-01-01T00:00:00Z,2025-07-17T00:00:00Z,N,NA,NA
south carolina,1981,1,1971-06-03T00:00:00Z,2025-07-17T00:00:00Z,N,NA,"CON laws subject to review January, 2027"
south dakota,1981,1,1972-02-09T00:00:00Z,1988-01-01T00:00:00Z,N,NA,NA
tennessee,1981,1,1973-07-01T00:00:00Z,2025-07-17T00:00:00Z,N,NA,NA
texas,1981,1,1971-05-26T00:00:00Z,1985-01-01T00:00:00Z,N,NA,NA
utah,1981,1,1979-05-08T00:00:00Z,1984-12-31T00:00:00Z,N,NA,NA
vermont,1981,1,1979-05-08T00:00:00Z,2025-07-17T00:00:00Z,N,NA,NA
virginia,1981,1,1973-03-09T00:00:00Z,2025-07-17T00:00:00Z,N,NA,NA
washington,1981,1,1979-05-11T00:00:00Z,2025-07-17T00:00:00Z,N,NA,NA
west virginia,1981,1,1977-07-08T00:00:00Z,2025-07-17T00:00:00Z,N,NA,NA
wisconsin,1981,1,1977-01-01T00:00:00Z,1987-08-06T00:00:00Z,Y,1992-05-12T00:00:00Z,"Reenacted approval process, “quasi-CON”"
wyoming,1981,1,1977-05-27T00:00:00Z,2025-07-17T00:00:00Z,N,NA,"Repealed CON in March 13, 1987, except for nursing homes"
alabama,1982,1,1979-07-30T00:00:00Z,2025-07-17T00:00:00Z,N,NA,NA
alaska,1982,1,1976-07-01T00:00:00Z,2025-07-17T00:00:00Z,N,NA,NA
arizona,1982,1,1975-06-12T00:00:00Z,1985-03-15T00:00:00Z,N,NA,Certificate of Necessity for ambulances passed in 1993
arkansas,1982,1,1975-03-25T00:00:00Z,1987-01-01T00:00:00Z,Y,1987-01-01T00:00:00Z,"Reinstated Permit of Approval program, more relaxed CON law"
california,1982,1,1976-09-09T00:00:00Z,1987-01-01T00:00:00Z,N,NA,NA
colorado,1982,1,1973-05-30T00:00:00Z,1987-07-01T00:00:00Z,N,NA,NA
connecticut,1982,1,1973-07-01T00:00:00Z,2025-07-17T00:00:00Z,N,NA,"CON for Long Term Care Facilities became effective July 1, 1993"
delaware,1982,1,1978-06-30T00:00:00Z,2025-07-17T00:00:00Z,N,NA,NA
florida,1982,1,1973-07-01T00:00:00Z,2025-07-17T00:00:00Z,N,NA,NA
georgia,1982,1,1979-07-01T00:00:00Z,2025-07-17T00:00:00Z,N,NA,NA
hawaii,1982,1,1975-07-01T00:00:00Z,2025-07-17T00:00:00Z,N,NA,NA
idaho,1982,1,1980-03-20T00:00:00Z,1983-07-01T00:00:00Z,N,NA,CON expired in 1983 but repealed in 2004
illinois,1982,1,1974-07-01T00:00:00Z,2025-07-17T00:00:00Z,N,NA,"CON laws subject to review December 31st, 2029"
indiana,1982,1,1980-01-01T00:00:00Z,1999-01-01T00:00:00Z,Y,2019-01-01T00:00:00Z,No CON laws in 1996; 2018 CON law only applies to nursing homes
iowa,1982,1,1978-07-01T00:00:00Z,2025-07-17T00:00:00Z,N,NA,NA
kansas,1982,1,1972-03-21T00:00:00Z,1985-04-23T00:00:00Z,N,NA,NA
kentucky,1982,1,1972-07-01T00:00:00Z,2025-07-17T00:00:00Z,N,NA,NA
louisiana,1982,0,1990-07-06T00:00:00Z,2025-07-17T00:00:00Z,N,NA,NA
maine,1982,1,1978-03-30T00:00:00Z,2025-07-17T00:00:00Z,N,NA,NA
maryland,1982,1,1968-01-01T00:00:00Z,2025-07-17T00:00:00Z,N,NA,NA
massachusetts,1982,1,1972-06-01T00:00:00Z,2025-07-17T00:00:00Z,N,NA,NA
michigan,1982,1,1972-08-08T00:00:00Z,2025-07-17T00:00:00Z,N,NA,NA
minnesota,1982,1,1971-07-01T00:00:00Z,2025-07-17T00:00:00Z,N,NA,"Hospital moratorium from 1984 to June 30, 1987; 2004 public review"
mississippi,1982,1,1979-07-01T00:00:00Z,2025-07-17T00:00:00Z,N,NA,NA
missouri,1982,1,1980-10-01T00:00:00Z,2025-07-17T00:00:00Z,N,NA,NA
montana,1982,1,1975-04-16T00:00:00Z,2025-07-17T00:00:00Z,N,NA,"Repealed CON in 2019, generally, except for long-term care facilities"
nebraska,1982,1,1979-05-22T00:00:00Z,2025-07-17T00:00:00Z,N,NA,NA
nevada,1982,1,1972-07-01T00:00:00Z,2025-07-17T00:00:00Z,N,NA,NA
new hampshire,1982,1,1979-07-01T00:00:00Z,2025-07-17T00:00:00Z,N,NA,"Repealed CON June 30, 2016 and immediately implemented quasi-CON July 1, 2016"
new jersey,1982,1,1971-05-10T00:00:00Z,2025-07-17T00:00:00Z,N,NA,NA
new mexico,1982,0,1978-03-06T00:00:00Z,1981-01-01T00:00:00Z,N,NA,"Repealed CON, except for ambulance services"
new york,1982,1,1964-10-01T00:00:00Z,2025-07-17T00:00:00Z,N,NA,NA
north carolina,1982,1,1971-07-21T00:00:00Z,1973-03-28T00:00:00Z,Y,1979-01-01T00:00:00Z,NA
north dakota,1982,1,1971-03-27T00:00:00Z,1995-01-01T00:00:00Z,N,NA,NA
ohio,1982,1,1975-08-25T00:00:00Z,2025-07-17T00:00:00Z,N,NA,"Amendments added in March 15, 1979 and only regulates long-term care now"
oklahoma,1982,1,1971-04-08T00:00:00Z,2025-07-17T00:00:00Z,N,NA,"Repealed CON for Psychiatric and Chemical Dependency Facilities passed in 1989 on May 6, 2024"
oregon,1982,1,1971-07-01T00:00:00Z,2025-07-17T00:00:00Z,N,NA,NA
pennsylvania,1982,1,1979-10-01T00:00:00Z,1996-12-31T00:00:00Z,N,NA,"Original expiration date was December 31, 1992 but legislature extended law by 4-years"
rhode island,1982,1,1969-01-01T00:00:00Z,2025-07-17T00:00:00Z,N,NA,NA
south carolina,1982,1,1971-06-03T00:00:00Z,2025-07-17T00:00:00Z,N,NA,"CON laws subject to review January, 2027"
south dakota,1982,1,1972-02-09T00:00:00Z,1988-01-01T00:00:00Z,N,NA,NA
tennessee,1982,1,1973-07-01T00:00:00Z,2025-07-17T00:00:00Z,N,NA,NA
texas,1982,1,1971-05-26T00:00:00Z,1985-01-01T00:00:00Z,N,NA,NA
utah,1982,1,1979-05-08T00:00:00Z,1984-12-31T00:00:00Z,N,NA,NA
vermont,1982,1,1979-05-08T00:00:00Z,2025-07-17T00:00:00Z,N,NA,NA
virginia,1982,1,1973-03-09T00:00:00Z,2025-07-17T00:00:00Z,N,NA,NA
washington,1982,1,1979-05-11T00:00:00Z,2025-07-17T00:00:00Z,N,NA,NA
west virginia,1982,1,1977-07-08T00:00:00Z,2025-07-17T00:00:00Z,N,NA,NA
wisconsin,1982,1,1977-01-01T00:00:00Z,1987-08-06T00:00:00Z,Y,1992-05-12T00:00:00Z,"Reenacted approval process, “quasi-CON”"
wyoming,1982,1,1977-05-27T00:00:00Z,2025-07-17T00:00:00Z,N,NA,"Repealed CON in March 13, 1987, except for nursing homes"
alabama,1983,1,1979-07-30T00:00:00Z,2025-07-17T00:00:00Z,N,NA,NA
alaska,1983,1,1976-07-01T00:00:00Z,2025-07-17T00:00:00Z,N,NA,NA
arizona,1983,1,1975-06-12T00:00:00Z,1985-03-15T00:00:00Z,N,NA,Certificate of Necessity for ambulances passed in 1993
arkansas,1983,1,1975-03-25T00:00:00Z,1987-01-01T00:00:00Z,Y,1987-01-01T00:00:00Z,"Reinstated Permit of Approval program, more relaxed CON law"
california,1983,1,1976-09-09T00:00:00Z,1987-01-01T00:00:00Z,N,NA,NA
colorado,1983,1,1973-05-30T00:00:00Z,1987-07-01T00:00:00Z,N,NA,NA
connecticut,1983,1,1973-07-01T00:00:00Z,2025-07-17T00:00:00Z,N,NA,"CON for Long Term Care Facilities became effective July 1, 1993"
delaware,1983,1,1978-06-30T00:00:00Z,2025-07-17T00:00:00Z,N,NA,NA
florida,1983,1,1973-07-01T00:00:00Z,2025-07-17T00:00:00Z,N,NA,NA
georgia,1983,1,1979-07-01T00:00:00Z,2025-07-17T00:00:00Z,N,NA,NA
hawaii,1983,1,1975-07-01T00:00:00Z,2025-07-17T00:00:00Z,N,NA,NA
idaho,1983,0,1980-03-20T00:00:00Z,1983-07-01T00:00:00Z,N,NA,CON expired in 1983 but repealed in 2004
illinois,1983,1,1974-07-01T00:00:00Z,2025-07-17T00:00:00Z,N,NA,"CON laws subject to review December 31st, 2029"
indiana,1983,1,1980-01-01T00:00:00Z,1999-01-01T00:00:00Z,Y,2019-01-01T00:00:00Z,No CON laws in 1996; 2018 CON law only applies to nursing homes
iowa,1983,1,1978-07-01T00:00:00Z,2025-07-17T00:00:00Z,N,NA,NA
kansas,1983,1,1972-03-21T00:00:00Z,1985-04-23T00:00:00Z,N,NA,NA
kentucky,1983,1,1972-07-01T00:00:00Z,2025-07-17T00:00:00Z,N,NA,NA
louisiana,1983,0,1990-07-06T00:00:00Z,2025-07-17T00:00:00Z,N,NA,NA
maine,1983,1,1978-03-30T00:00:00Z,2025-07-17T00:00:00Z,N,NA,NA
maryland,1983,1,1968-01-01T00:00:00Z,2025-07-17T00:00:00Z,N,NA,NA
massachusetts,1983,1,1972-06-01T00:00:00Z,2025-07-17T00:00:00Z,N,NA,NA
michigan,1983,1,1972-08-08T00:00:00Z,2025-07-17T00:00:00Z,N,NA,NA
minnesota,1983,1,1971-07-01T00:00:00Z,2025-07-17T00:00:00Z,N,NA,"Hospital moratorium from 1984 to June 30, 1987; 2004 public review"
mississippi,1983,1,1979-07-01T00:00:00Z,2025-07-17T00:00:00Z,N,NA,NA
missouri,1983,1,1980-10-01T00:00:00Z,2025-07-17T00:00:00Z,N,NA,NA
montana,1983,1,1975-04-16T00:00:00Z,2025-07-17T00:00:00Z,N,NA,"Repealed CON in 2019, generally, except for long-term care facilities"
nebraska,1983,1,1979-05-22T00:00:00Z,2025-07-17T00:00:00Z,N,NA,NA
nevada,1983,1,1972-07-01T00:00:00Z,2025-07-17T00:00:00Z,N,NA,NA
new hampshire,1983,1,1979-07-01T00:00:00Z,2025-07-17T00:00:00Z,N,NA,"Repealed CON June 30, 2016 and immediately implemented quasi-CON July 1, 2016"
new jersey,1983,1,1971-05-10T00:00:00Z,2025-07-17T00:00:00Z,N,NA,NA
new mexico,1983,0,1978-03-06T00:00:00Z,1981-01-01T00:00:00Z,N,NA,"Repealed CON, except for ambulance services"
new york,1983,1,1964-10-01T00:00:00Z,2025-07-17T00:00:00Z,N,NA,NA
north carolina,1983,1,1971-07-21T00:00:00Z,1973-03-28T00:00:00Z,Y,1979-01-01T00:00:00Z,NA
north dakota,1983,1,1971-03-27T00:00:00Z,1995-01-01T00:00:00Z,N,NA,NA
ohio,1983,1,1975-08-25T00:00:00Z,2025-07-17T00:00:00Z,N,NA,"Amendments added in March 15, 1979 and only regulates long-term care now"
oklahoma,1983,1,1971-04-08T00:00:00Z,2025-07-17T00:00:00Z,N,NA,"Repealed CON for Psychiatric and Chemical Dependency Facilities passed in 1989 on May 6, 2024"
oregon,1983,1,1971-07-01T00:00:00Z,2025-07-17T00:00:00Z,N,NA,NA
pennsylvania,1983,1,1979-10-01T00:00:00Z,1996-12-31T00:00:00Z,N,NA,"Original expiration date was December 31, 1992 but legislature extended law by 4-years"
rhode island,1983,1,1969-01-01T00:00:00Z,2025-07-17T00:00:00Z,N,NA,NA
south carolina,1983,1,1971-06-03T00:00:00Z,2025-07-17T00:00:00Z,N,NA,"CON laws subject to review January, 2027"
south dakota,1983,1,1972-02-09T00:00:00Z,1988-01-01T00:00:00Z,N,NA,NA
tennessee,1983,1,1973-07-01T00:00:00Z,2025-07-17T00:00:00Z,N,NA,NA
texas,1983,1,1971-05-26T00:00:00Z,1985-01-01T00:00:00Z,N,NA,NA
utah,1983,1,1979-05-08T00:00:00Z,1984-12-31T00:00:00Z,N,NA,NA
vermont,1983,1,1979-05-08T00:00:00Z,2025-07-17T00:00:00Z,N,NA,NA
virginia,1983,1,1973-03-09T00:00:00Z,2025-07-17T00:00:00Z,N,NA,NA
washington,1983,1,1979-05-11T00:00:00Z,2025-07-17T00:00:00Z,N,NA,NA
west virginia,1983,1,1977-07-08T00:00:00Z,2025-07-17T00:00:00Z,N,NA,NA
wisconsin,1983,1,1977-01-01T00:00:00Z,1987-08-06T00:00:00Z,Y,1992-05-12T00:00:00Z,"Reenacted approval process, “quasi-CON”"
wyoming,1983,1,1977-05-27T00:00:00Z,2025-07-17T00:00:00Z,N,NA,"Repealed CON in March 13, 1987, except for nursing homes"
alabama,1984,1,1979-07-30T00:00:00Z,2025-07-17T00:00:00Z,N,NA,NA
alaska,1984,1,1976-07-01T00:00:00Z,2025-07-17T00:00:00Z,N,NA,NA
arizona,1984,1,1975-06-12T00:00:00Z,1985-03-15T00:00:00Z,N,NA,Certificate of Necessity for ambulances passed in 1993
arkansas,1984,1,1975-03-25T00:00:00Z,1987-01-01T00:00:00Z,Y,1987-01-01T00:00:00Z,"Reinstated Permit of Approval program, more relaxed CON law"
california,1984,1,1976-09-09T00:00:00Z,1987-01-01T00:00:00Z,N,NA,NA
colorado,1984,1,1973-05-30T00:00:00Z,1987-07-01T00:00:00Z,N,NA,NA
connecticut,1984,1,1973-07-01T00:00:00Z,2025-07-17T00:00:00Z,N,NA,"CON for Long Term Care Facilities became effective July 1, 1993"
delaware,1984,1,1978-06-30T00:00:00Z,2025-07-17T00:00:00Z,N,NA,NA
florida,1984,1,1973-07-01T00:00:00Z,2025-07-17T00:00:00Z,N,NA,NA
georgia,1984,1,1979-07-01T00:00:00Z,2025-07-17T00:00:00Z,N,NA,NA
hawaii,1984,1,1975-07-01T00:00:00Z,2025-07-17T00:00:00Z,N,NA,NA
idaho,1984,0,1980-03-20T00:00:00Z,1983-07-01T00:00:00Z,N,NA,CON expired in 1983 but repealed in 2004
illinois,1984,1,1974-07-01T00:00:00Z,2025-07-17T00:00:00Z,N,NA,"CON laws subject to review December 31st, 2029"
indiana,1984,1,1980-01-01T00:00:00Z,1999-01-01T00:00:00Z,Y,2019-01-01T00:00:00Z,No CON laws in 1996; 2018 CON law only applies to nursing homes
iowa,1984,1,1978-07-01T00:00:00Z,2025-07-17T00:00:00Z,N,NA,NA
kansas,1984,1,1972-03-21T00:00:00Z,1985-04-23T00:00:00Z,N,NA,NA
kentucky,1984,1,1972-07-01T00:00:00Z,2025-07-17T00:00:00Z,N,NA,NA
louisiana,1984,0,1990-07-06T00:00:00Z,2025-07-17T00:00:00Z,N,NA,NA
maine,1984,1,1978-03-30T00:00:00Z,2025-07-17T00:00:00Z,N,NA,NA
maryland,1984,1,1968-01-01T00:00:00Z,2025-07-17T00:00:00Z,N,NA,NA
massachusetts,1984,1,1972-06-01T00:00:00Z,2025-07-17T00:00:00Z,N,NA,NA
michigan,1984,1,1972-08-08T00:00:00Z,2025-07-17T00:00:00Z,N,NA,NA
minnesota,1984,1,1971-07-01T00:00:00Z,2025-07-17T00:00:00Z,N,NA,"Hospital moratorium from 1984 to June 30, 1987; 2004 public review"
mississippi,1984,1,1979-07-01T00:00:00Z,2025-07-17T00:00:00Z,N,NA,NA
missouri,1984,1,1980-10-01T00:00:00Z,2025-07-17T00:00:00Z,N,NA,NA
montana,1984,1,1975-04-16T00:00:00Z,2025-07-17T00:00:00Z,N,NA,"Repealed CON in 2019, generally, except for long-term care facilities"
nebraska,1984,1,1979-05-22T00:00:00Z,2025-07-17T00:00:00Z,N,NA,NA
nevada,1984,1,1972-07-01T00:00:00Z,2025-07-17T00:00:00Z,N,NA,NA
new hampshire,1984,1,1979-07-01T00:00:00Z,2025-07-17T00:00:00Z,N,NA,"Repealed CON June 30, 2016 and immediately implemented quasi-CON July 1, 2016"
new jersey,1984,1,1971-05-10T00:00:00Z,2025-07-17T00:00:00Z,N,NA,NA
new mexico,1984,0,1978-03-06T00:00:00Z,1981-01-01T00:00:00Z,N,NA,"Repealed CON, except for ambulance services"
new york,1984,1,1964-10-01T00:00:00Z,2025-07-17T00:00:00Z,N,NA,NA
north carolina,1984,1,1971-07-21T00:00:00Z,1973-03-28T00:00:00Z,Y,1979-01-01T00:00:00Z,NA
north dakota,1984,1,1971-03-27T00:00:00Z,1995-01-01T00:00:00Z,N,NA,NA
ohio,1984,1,1975-08-25T00:00:00Z,2025-07-17T00:00:00Z,N,NA,"Amendments added in March 15, 1979 and only regulates long-term care now"
oklahoma,1984,1,1971-04-08T00:00:00Z,2025-07-17T00:00:00Z,N,NA,"Repealed CON for Psychiatric and Chemical Dependency Facilities passed in 1989 on May 6, 2024"
oregon,1984,1,1971-07-01T00:00:00Z,2025-07-17T00:00:00Z,N,NA,NA
pennsylvania,1984,1,1979-10-01T00:00:00Z,1996-12-31T00:00:00Z,N,NA,"Original expiration date was December 31, 1992 but legislature extended law by 4-years"
rhode island,1984,1,1969-01-01T00:00:00Z,2025-07-17T00:00:00Z,N,NA,NA
south carolina,1984,1,1971-06-03T00:00:00Z,2025-07-17T00:00:00Z,N,NA,"CON laws subject to review January, 2027"
south dakota,1984,1,1972-02-09T00:00:00Z,1988-01-01T00:00:00Z,N,NA,NA
tennessee,1984,1,1973-07-01T00:00:00Z,2025-07-17T00:00:00Z,N,NA,NA
texas,1984,1,1971-05-26T00:00:00Z,1985-01-01T00:00:00Z,N,NA,NA
utah,1984,1,1979-05-08T00:00:00Z,1984-12-31T00:00:00Z,N,NA,NA
vermont,1984,1,1979-05-08T00:00:00Z,2025-07-17T00:00:00Z,N,NA,NA
virginia,1984,1,1973-03-09T00:00:00Z,2025-07-17T00:00:00Z,N,NA,NA
washington,1984,1,1979-05-11T00:00:00Z,2025-07-17T00:00:00Z,N,NA,NA
west virginia,1984,1,1977-07-08T00:00:00Z,2025-07-17T00:00:00Z,N,NA,NA
wisconsin,1984,1,1977-01-01T00:00:00Z,1987-08-06T00:00:00Z,Y,1992-05-12T00:00:00Z,"Reenacted approval process, “quasi-CON”"
wyoming,1984,1,1977-05-27T00:00:00Z,2025-07-17T00:00:00Z,N,NA,"Repealed CON in March 13, 1987, except for nursing homes"
alabama,1985,1,1979-07-30T00:00:00Z,2025-07-17T00:00:00Z,N,NA,NA
alaska,1985,1,1976-07-01T00:00:00Z,2025-07-17T00:00:00Z,N,NA,NA
arizona,1985,0,1975-06-12T00:00:00Z,1985-03-15T00:00:00Z,N,NA,Certificate of Necessity for ambulances passed in 1993
arkansas,1985,1,1975-03-25T00:00:00Z,1987-01-01T00:00:00Z,Y,1987-01-01T00:00:00Z,"Reinstated Permit of Approval program, more relaxed CON law"
california,1985,1,1976-09-09T00:00:00Z,1987-01-01T00:00:00Z,N,NA,NA
colorado,1985,1,1973-05-30T00:00:00Z,1987-07-01T00:00:00Z,N,NA,NA
connecticut,1985,1,1973-07-01T00:00:00Z,2025-07-17T00:00:00Z,N,NA,"CON for Long Term Care Facilities became effective July 1, 1993"
delaware,1985,1,1978-06-30T00:00:00Z,2025-07-17T00:00:00Z,N,NA,NA
florida,1985,1,1973-07-01T00:00:00Z,2025-07-17T00:00:00Z,N,NA,NA
georgia,1985,1,1979-07-01T00:00:00Z,2025-07-17T00:00:00Z,N,NA,NA
hawaii,1985,1,1975-07-01T00:00:00Z,2025-07-17T00:00:00Z,N,NA,NA
idaho,1985,0,1980-03-20T00:00:00Z,1983-07-01T00:00:00Z,N,NA,CON expired in 1983 but repealed in 2004
illinois,1985,1,1974-07-01T00:00:00Z,2025-07-17T00:00:00Z,N,NA,"CON laws subject to review December 31st, 2029"
indiana,1985,1,1980-01-01T00:00:00Z,1999-01-01T00:00:00Z,Y,2019-01-01T00:00:00Z,No CON laws in 1996; 2018 CON law only applies to nursing homes
iowa,1985,1,1978-07-01T00:00:00Z,2025-07-17T00:00:00Z,N,NA,NA
kansas,1985,0,1972-03-21T00:00:00Z,1985-04-23T00:00:00Z,N,NA,NA
kentucky,1985,1,1972-07-01T00:00:00Z,2025-07-17T00:00:00Z,N,NA,NA
louisiana,1985,0,1990-07-06T00:00:00Z,2025-07-17T00:00:00Z,N,NA,NA
maine,1985,1,1978-03-30T00:00:00Z,2025-07-17T00:00:00Z,N,NA,NA
maryland,1985,1,1968-01-01T00:00:00Z,2025-07-17T00:00:00Z,N,NA,NA
massachusetts,1985,1,1972-06-01T00:00:00Z,2025-07-17T00:00:00Z,N,NA,NA
michigan,1985,1,1972-08-08T00:00:00Z,2025-07-17T00:00:00Z,N,NA,NA
minnesota,1985,1,1971-07-01T00:00:00Z,2025-07-17T00:00:00Z,N,NA,"Hospital moratorium from 1984 to June 30, 1987; 2004 public review"
mississippi,1985,1,1979-07-01T00:00:00Z,2025-07-17T00:00:00Z,N,NA,NA
missouri,1985,1,1980-10-01T00:00:00Z,2025-07-17T00:00:00Z,N,NA,NA
montana,1985,1,1975-04-16T00:00:00Z,2025-07-17T00:00:00Z,N,NA,"Repealed CON in 2019, generally, except for long-term care facilities"
nebraska,1985,1,1979-05-22T00:00:00Z,2025-07-17T00:00:00Z,N,NA,NA
nevada,1985,1,1972-07-01T00:00:00Z,2025-07-17T00:00:00Z,N,NA,NA
new hampshire,1985,1,1979-07-01T00:00:00Z,2025-07-17T00:00:00Z,N,NA,"Repealed CON June 30, 2016 and immediately implemented quasi-CON July 1, 2016"
new jersey,1985,1,1971-05-10T00:00:00Z,2025-07-17T00:00:00Z,N,NA,NA
new mexico,1985,0,1978-03-06T00:00:00Z,1981-01-01T00:00:00Z,N,NA,"Repealed CON, except for ambulance services"
new york,1985,1,1964-10-01T00:00:00Z,2025-07-17T00:00:00Z,N,NA,NA
north carolina,1985,1,1971-07-21T00:00:00Z,1973-03-28T00:00:00Z,Y,1979-01-01T00:00:00Z,NA
north dakota,1985,1,1971-03-27T00:00:00Z,1995-01-01T00:00:00Z,N,NA,NA
ohio,1985,1,1975-08-25T00:00:00Z,2025-07-17T00:00:00Z,N,NA,"Amendments added in March 15, 1979 and only regulates long-term care now"
oklahoma,1985,1,1971-04-08T00:00:00Z,2025-07-17T00:00:00Z,N,NA,"Repealed CON for Psychiatric and Chemical Dependency Facilities passed in 1989 on May 6, 2024"
oregon,1985,1,1971-07-01T00:00:00Z,2025-07-17T00:00:00Z,N,NA,NA
pennsylvania,1985,1,1979-10-01T00:00:00Z,1996-12-31T00:00:00Z,N,NA,"Original expiration date was December 31, 1992 but legislature extended law by 4-years"
rhode island,1985,1,1969-01-01T00:00:00Z,2025-07-17T00:00:00Z,N,NA,NA
south carolina,1985,1,1971-06-03T00:00:00Z,2025-07-17T00:00:00Z,N,NA,"CON laws subject to review January, 2027"
south dakota,1985,1,1972-02-09T00:00:00Z,1988-01-01T00:00:00Z,N,NA,NA
tennessee,1985,1,1973-07-01T00:00:00Z,2025-07-17T00:00:00Z,N,NA,NA
texas,1985,0,1971-05-26T00:00:00Z,1985-01-01T00:00:00Z,N,NA,NA
utah,1985,0,1979-05-08T00:00:00Z,1984-12-31T00:00:00Z,N,NA,NA
vermont,1985,1,1979-05-08T00:00:00Z,2025-07-17T00:00:00Z,N,NA,NA
virginia,1985,1,1973-03-09T00:00:00Z,2025-07-17T00:00:00Z,N,NA,NA
washington,1985,1,1979-05-11T00:00:00Z,2025-07-17T00:00:00Z,N,NA,NA
west virginia,1985,1,1977-07-08T00:00:00Z,2025-07-17T00:00:00Z,N,NA,NA
wisconsin,1985,1,1977-01-01T00:00:00Z,1987-08-06T00:00:00Z,Y,1992-05-12T00:00:00Z,"Reenacted approval process, “quasi-CON”"
wyoming,1985,1,1977-05-27T00:00:00Z,2025-07-17T00:00:00Z,N,NA,"Repealed CON in March 13, 1987, except for nursing homes"
alabama,1986,1,1979-07-30T00:00:00Z,2025-07-17T00:00:00Z,N,NA,NA
alaska,1986,1,1976-07-01T00:00:00Z,2025-07-17T00:00:00Z,N,NA,NA
arizona,1986,0,1975-06-12T00:00:00Z,1985-03-15T00:00:00Z,N,NA,Certificate of Necessity for ambulances passed in 1993
arkansas,1986,1,1975-03-25T00:00:00Z,1987-01-01T00:00:00Z,Y,1987-01-01T00:00:00Z,"Reinstated Permit of Approval program, more relaxed CON law"
california,1986,1,1976-09-09T00:00:00Z,1987-01-01T00:00:00Z,N,NA,NA
colorado,1986,1,1973-05-30T00:00:00Z,1987-07-01T00:00:00Z,N,NA,NA
connecticut,1986,1,1973-07-01T00:00:00Z,2025-07-17T00:00:00Z,N,NA,"CON for Long Term Care Facilities became effective July 1, 1993"
delaware,1986,1,1978-06-30T00:00:00Z,2025-07-17T00:00:00Z,N,NA,NA
florida,1986,1,1973-07-01T00:00:00Z,2025-07-17T00:00:00Z,N,NA,NA
georgia,1986,1,1979-07-01T00:00:00Z,2025-07-17T00:00:00Z,N,NA,NA
hawaii,1986,1,1975-07-01T00:00:00Z,2025-07-17T00:00:00Z,N,NA,NA
idaho,1986,0,1980-03-20T00:00:00Z,1983-07-01T00:00:00Z,N,NA,CON expired in 1983 but repealed in 2004
illinois,1986,1,1974-07-01T00:00:00Z,2025-07-17T00:00:00Z,N,NA,"CON laws subject to review December 31st, 2029"
indiana,1986,1,1980-01-01T00:00:00Z,1999-01-01T00:00:00Z,Y,2019-01-01T00:00:00Z,No CON laws in 1996; 2018 CON law only applies to nursing homes
iowa,1986,1,1978-07-01T00:00:00Z,2025-07-17T00:00:00Z,N,NA,NA
kansas,1986,0,1972-03-21T00:00:00Z,1985-04-23T00:00:00Z,N,NA,NA
kentucky,1986,1,1972-07-01T00:00:00Z,2025-07-17T00:00:00Z,N,NA,NA
louisiana,1986,0,1990-07-06T00:00:00Z,2025-07-17T00:00:00Z,N,NA,NA
maine,1986,1,1978-03-30T00:00:00Z,2025-07-17T00:00:00Z,N,NA,NA
maryland,1986,1,1968-01-01T00:00:00Z,2025-07-17T00:00:00Z,N,NA,NA
massachusetts,1986,1,1972-06-01T00:00:00Z,2025-07-17T00:00:00Z,N,NA,NA
michigan,1986,1,1972-08-08T00:00:00Z,2025-07-17T00:00:00Z,N,NA,NA
minnesota,1986,1,1971-07-01T00:00:00Z,2025-07-17T00:00:00Z,N,NA,"Hospital moratorium from 1984 to June 30, 1987; 2004 public review"
mississippi,1986,1,1979-07-01T00:00:00Z,2025-07-17T00:00:00Z,N,NA,NA
missouri,1986,1,1980-10-01T00:00:00Z,2025-07-17T00:00:00Z,N,NA,NA
montana,1986,1,1975-04-16T00:00:00Z,2025-07-17T00:00:00Z,N,NA,"Repealed CON in 2019, generally, except for long-term care facilities"
nebraska,1986,1,1979-05-22T00:00:00Z,2025-07-17T00:00:00Z,N,NA,NA
nevada,1986,1,1972-07-01T00:00:00Z,2025-07-17T00:00:00Z,N,NA,NA
new hampshire,1986,1,1979-07-01T00:00:00Z,2025-07-17T00:00:00Z,N,NA,"Repealed CON June 30, 2016 and immediately implemented quasi-CON July 1, 2016"
new jersey,1986,1,1971-05-10T00:00:00Z,2025-07-17T00:00:00Z,N,NA,NA
new mexico,1986,0,1978-03-06T00:00:00Z,1981-01-01T00:00:00Z,N,NA,"Repealed CON, except for ambulance services"
new york,1986,1,1964-10-01T00:00:00Z,2025-07-17T00:00:00Z,N,NA,NA
north carolina,1986,1,1971-07-21T00:00:00Z,1973-03-28T00:00:00Z,Y,1979-01-01T00:00:00Z,NA
north dakota,1986,1,1971-03-27T00:00:00Z,1995-01-01T00:00:00Z,N,NA,NA
ohio,1986,1,1975-08-25T00:00:00Z,2025-07-17T00:00:00Z,N,NA,"Amendments added in March 15, 1979 and only regulates long-term care now"
oklahoma,1986,1,1971-04-08T00:00:00Z,2025-07-17T00:00:00Z,N,NA,"Repealed CON for Psychiatric and Chemical Dependency Facilities passed in 1989 on May 6, 2024"
oregon,1986,1,1971-07-01T00:00:00Z,2025-07-17T00:00:00Z,N,NA,NA
pennsylvania,1986,1,1979-10-01T00:00:00Z,1996-12-31T00:00:00Z,N,NA,"Original expiration date was December 31, 1992 but legislature extended law by 4-years"
rhode island,1986,1,1969-01-01T00:00:00Z,2025-07-17T00:00:00Z,N,NA,NA
south carolina,1986,1,1971-06-03T00:00:00Z,2025-07-17T00:00:00Z,N,NA,"CON laws subject to review January, 2027"
south dakota,1986,1,1972-02-09T00:00:00Z,1988-01-01T00:00:00Z,N,NA,NA
tennessee,1986,1,1973-07-01T00:00:00Z,2025-07-17T00:00:00Z,N,NA,NA
texas,1986,0,1971-05-26T00:00:00Z,1985-01-01T00:00:00Z,N,NA,NA
utah,1986,0,1979-05-08T00:00:00Z,1984-12-31T00:00:00Z,N,NA,NA
vermont,1986,1,1979-05-08T00:00:00Z,2025-07-17T00:00:00Z,N,NA,NA
virginia,1986,1,1973-03-09T00:00:00Z,2025-07-17T00:00:00Z,N,NA,NA
washington,1986,1,1979-05-11T00:00:00Z,2025-07-17T00:00:00Z,N,NA,NA
west virginia,1986,1,1977-07-08T00:00:00Z,2025-07-17T00:00:00Z,N,NA,NA
wisconsin,1986,1,1977-01-01T00:00:00Z,1987-08-06T00:00:00Z,Y,1992-05-12T00:00:00Z,"Reenacted approval process, “quasi-CON”"
wyoming,1986,1,1977-05-27T00:00:00Z,2025-07-17T00:00:00Z,N,NA,"Repealed CON in March 13, 1987, except for nursing homes"
alabama,1987,1,1979-07-30T00:00:00Z,2025-07-17T00:00:00Z,N,NA,NA
alaska,1987,1,1976-07-01T00:00:00Z,2025-07-17T00:00:00Z,N,NA,NA
arizona,1987,0,1975-06-12T00:00:00Z,1985-03-15T00:00:00Z,N,NA,Certificate of Necessity for ambulances passed in 1993
arkansas,1987,1,1975-03-25T00:00:00Z,1987-01-01T00:00:00Z,Y,1987-01-01T00:00:00Z,"Reinstated Permit of Approval program, more relaxed CON law"
california,1987,0,1976-09-09T00:00:00Z,1987-01-01T00:00:00Z,N,NA,NA
colorado,1987,0,1973-05-30T00:00:00Z,1987-07-01T00:00:00Z,N,NA,NA
connecticut,1987,1,1973-07-01T00:00:00Z,2025-07-17T00:00:00Z,N,NA,"CON for Long Term Care Facilities became effective July 1, 1993"
delaware,1987,1,1978-06-30T00:00:00Z,2025-07-17T00:00:00Z,N,NA,NA
florida,1987,1,1973-07-01T00:00:00Z,2025-07-17T00:00:00Z,N,NA,NA
georgia,1987,1,1979-07-01T00:00:00Z,2025-07-17T00:00:00Z,N,NA,NA
hawaii,1987,1,1975-07-01T00:00:00Z,2025-07-17T00:00:00Z,N,NA,NA
idaho,1987,0,1980-03-20T00:00:00Z,1983-07-01T00:00:00Z,N,NA,CON expired in 1983 but repealed in 2004
illinois,1987,1,1974-07-01T00:00:00Z,2025-07-17T00:00:00Z,N,NA,"CON laws subject to review December 31st, 2029"
indiana,1987,1,1980-01-01T00:00:00Z,1999-01-01T00:00:00Z,Y,2019-01-01T00:00:00Z,No CON laws in 1996; 2018 CON law only applies to nursing homes
iowa,1987,1,1978-07-01T00:00:00Z,2025-07-17T00:00:00Z,N,NA,NA
kansas,1987,0,1972-03-21T00:00:00Z,1985-04-23T00:00:00Z,N,NA,NA
kentucky,1987,1,1972-07-01T00:00:00Z,2025-07-17T00:00:00Z,N,NA,NA
louisiana,1987,0,1990-07-06T00:00:00Z,2025-07-17T00:00:00Z,N,NA,NA
maine,1987,1,1978-03-30T00:00:00Z,2025-07-17T00:00:00Z,N,NA,NA
maryland,1987,1,1968-01-01T00:00:00Z,2025-07-17T00:00:00Z,N,NA,NA
massachusetts,1987,1,1972-06-01T00:00:00Z,2025-07-17T00:00:00Z,N,NA,NA
michigan,1987,1,1972-08-08T00:00:00Z,2025-07-17T00:00:00Z,N,NA,NA
minnesota,1987,1,1971-07-01T00:00:00Z,2025-07-17T00:00:00Z,N,NA,"Hospital moratorium from 1984 to June 30, 1987; 2004 public review"
mississippi,1987,1,1979-07-01T00:00:00Z,2025-07-17T00:00:00Z,N,NA,NA
missouri,1987,1,1980-10-01T00:00:00Z,2025-07-17T00:00:00Z,N,NA,NA
montana,1987,1,1975-04-16T00:00:00Z,2025-07-17T00:00:00Z,N,NA,"Repealed CON in 2019, generally, except for long-term care facilities"
nebraska,1987,1,1979-05-22T00:00:00Z,2025-07-17T00:00:00Z,N,NA,NA
nevada,1987,1,1972-07-01T00:00:00Z,2025-07-17T00:00:00Z,N,NA,NA
new hampshire,1987,1,1979-07-01T00:00:00Z,2025-07-17T00:00:00Z,N,NA,"Repealed CON June 30, 2016 and immediately implemented quasi-CON July 1, 2016"
new jersey,1987,1,1971-05-10T00:00:00Z,2025-07-17T00:00:00Z,N,NA,NA
new mexico,1987,0,1978-03-06T00:00:00Z,1981-01-01T00:00:00Z,N,NA,"Repealed CON, except for ambulance services"
new york,1987,1,1964-10-01T00:00:00Z,2025-07-17T00:00:00Z,N,NA,NA
north carolina,1987,1,1971-07-21T00:00:00Z,1973-03-28T00:00:00Z,Y,1979-01-01T00:00:00Z,NA
north dakota,1987,1,1971-03-27T00:00:00Z,1995-01-01T00:00:00Z,N,NA,NA
ohio,1987,1,1975-08-25T00:00:00Z,2025-07-17T00:00:00Z,N,NA,"Amendments added in March 15, 1979 and only regulates long-term care now"
oklahoma,1987,1,1971-04-08T00:00:00Z,2025-07-17T00:00:00Z,N,NA,"Repealed CON for Psychiatric and Chemical Dependency Facilities passed in 1989 on May 6, 2024"
oregon,1987,1,1971-07-01T00:00:00Z,2025-07-17T00:00:00Z,N,NA,NA
pennsylvania,1987,1,1979-10-01T00:00:00Z,1996-12-31T00:00:00Z,N,NA,"Original expiration date was December 31, 1992 but legislature extended law by 4-years"
rhode island,1987,1,1969-01-01T00:00:00Z,2025-07-17T00:00:00Z,N,NA,NA
south carolina,1987,1,1971-06-03T00:00:00Z,2025-07-17T00:00:00Z,N,NA,"CON laws subject to review January, 2027"
south dakota,1987,1,1972-02-09T00:00:00Z,1988-01-01T00:00:00Z,N,NA,NA
tennessee,1987,1,1973-07-01T00:00:00Z,2025-07-17T00:00:00Z,N,NA,NA
texas,1987,0,1971-05-26T00:00:00Z,1985-01-01T00:00:00Z,N,NA,NA
utah,1987,0,1979-05-08T00:00:00Z,1984-12-31T00:00:00Z,N,NA,NA
vermont,1987,1,1979-05-08T00:00:00Z,2025-07-17T00:00:00Z,N,NA,NA
virginia,1987,1,1973-03-09T00:00:00Z,2025-07-17T00:00:00Z,N,NA,NA
washington,1987,1,1979-05-11T00:00:00Z,2025-07-17T00:00:00Z,N,NA,NA
west virginia,1987,1,1977-07-08T00:00:00Z,2025-07-17T00:00:00Z,N,NA,NA
wisconsin,1987,1,1977-01-01T00:00:00Z,1987-08-06T00:00:00Z,Y,1992-05-12T00:00:00Z,"Reenacted approval process, “quasi-CON”"
wyoming,1987,1,1977-05-27T00:00:00Z,2025-07-17T00:00:00Z,N,NA,"Repealed CON in March 13, 1987, except for nursing homes"
alabama,1988,1,1979-07-30T00:00:00Z,2025-07-17T00:00:00Z,N,NA,NA
alaska,1988,1,1976-07-01T00:00:00Z,2025-07-17T00:00:00Z,N,NA,NA
arizona,1988,0,1975-06-12T00:00:00Z,1985-03-15T00:00:00Z,N,NA,Certificate of Necessity for ambulances passed in 1993
arkansas,1988,1,1975-03-25T00:00:00Z,1987-01-01T00:00:00Z,Y,1987-01-01T00:00:00Z,"Reinstated Permit of Approval program, more relaxed CON law"
california,1988,0,1976-09-09T00:00:00Z,1987-01-01T00:00:00Z,N,NA,NA
colorado,1988,0,1973-05-30T00:00:00Z,1987-07-01T00:00:00Z,N,NA,NA
connecticut,1988,1,1973-07-01T00:00:00Z,2025-07-17T00:00:00Z,N,NA,"CON for Long Term Care Facilities became effective July 1, 1993"
delaware,1988,1,1978-06-30T00:00:00Z,2025-07-17T00:00:00Z,N,NA,NA
florida,1988,1,1973-07-01T00:00:00Z,2025-07-17T00:00:00Z,N,NA,NA
georgia,1988,1,1979-07-01T00:00:00Z,2025-07-17T00:00:00Z,N,NA,NA
hawaii,1988,1,1975-07-01T00:00:00Z,2025-07-17T00:00:00Z,N,NA,NA
idaho,1988,0,1980-03-20T00:00:00Z,1983-07-01T00:00:00Z,N,NA,CON expired in 1983 but repealed in 2004
illinois,1988,1,1974-07-01T00:00:00Z,2025-07-17T00:00:00Z,N,NA,"CON laws subject to review December 31st, 2029"
indiana,1988,1,1980-01-01T00:00:00Z,1999-01-01T00:00:00Z,Y,2019-01-01T00:00:00Z,No CON laws in 1996; 2018 CON law only applies to nursing homes
iowa,1988,1,1978-07-01T00:00:00Z,2025-07-17T00:00:00Z,N,NA,NA
kansas,1988,0,1972-03-21T00:00:00Z,1985-04-23T00:00:00Z,N,NA,NA
kentucky,1988,1,1972-07-01T00:00:00Z,2025-07-17T00:00:00Z,N,NA,NA
louisiana,1988,0,1990-07-06T00:00:00Z,2025-07-17T00:00:00Z,N,NA,NA
maine,1988,1,1978-03-30T00:00:00Z,2025-07-17T00:00:00Z,N,NA,NA
maryland,1988,1,1968-01-01T00:00:00Z,2025-07-17T00:00:00Z,N,NA,NA
massachusetts,1988,1,1972-06-01T00:00:00Z,2025-07-17T00:00:00Z,N,NA,NA
michigan,1988,1,1972-08-08T00:00:00Z,2025-07-17T00:00:00Z,N,NA,NA
minnesota,1988,1,1971-07-01T00:00:00Z,2025-07-17T00:00:00Z,N,NA,"Hospital moratorium from 1984 to June 30, 1987; 2004 public review"
mississippi,1988,1,1979-07-01T00:00:00Z,2025-07-17T00:00:00Z,N,NA,NA
missouri,1988,1,1980-10-01T00:00:00Z,2025-07-17T00:00:00Z,N,NA,NA
montana,1988,1,1975-04-16T00:00:00Z,2025-07-17T00:00:00Z,N,NA,"Repealed CON in 2019, generally, except for long-term care facilities"
nebraska,1988,1,1979-05-22T00:00:00Z,2025-07-17T00:00:00Z,N,NA,NA
nevada,1988,1,1972-07-01T00:00:00Z,2025-07-17T00:00:00Z,N,NA,NA
new hampshire,1988,1,1979-07-01T00:00:00Z,2025-07-17T00:00:00Z,N,NA,"Repealed CON June 30, 2016 and immediately implemented quasi-CON July 1, 2016"
new jersey,1988,1,1971-05-10T00:00:00Z,2025-07-17T00:00:00Z,N,NA,NA
new mexico,1988,0,1978-03-06T00:00:00Z,1981-01-01T00:00:00Z,N,NA,"Repealed CON, except for ambulance services"
new york,1988,1,1964-10-01T00:00:00Z,2025-07-17T00:00:00Z,N,NA,NA
north carolina,1988,1,1971-07-21T00:00:00Z,1973-03-28T00:00:00Z,Y,1979-01-01T00:00:00Z,NA
north dakota,1988,1,1971-03-27T00:00:00Z,1995-01-01T00:00:00Z,N,NA,NA
ohio,1988,1,1975-08-25T00:00:00Z,2025-07-17T00:00:00Z,N,NA,"Amendments added in March 15, 1979 and only regulates long-term care now"
oklahoma,1988,1,1971-04-08T00:00:00Z,2025-07-17T00:00:00Z,N,NA,"Repealed CON for Psychiatric and Chemical Dependency Facilities passed in 1989 on May 6, 2024"
oregon,1988,1,1971-07-01T00:00:00Z,2025-07-17T00:00:00Z,N,NA,NA
pennsylvania,1988,1,1979-10-01T00:00:00Z,1996-12-31T00:00:00Z,N,NA,"Original expiration date was December 31, 1992 but legislature extended law by 4-years"
rhode island,1988,1,1969-01-01T00:00:00Z,2025-07-17T00:00:00Z,N,NA,NA
south carolina,1988,1,1971-06-03T00:00:00Z,2025-07-17T00:00:00Z,N,NA,"CON laws subject to review January, 2027"
south dakota,1988,0,1972-02-09T00:00:00Z,1988-01-01T00:00:00Z,N,NA,NA
tennessee,1988,1,1973-07-01T00:00:00Z,2025-07-17T00:00:00Z,N,NA,NA
texas,1988,0,1971-05-26T00:00:00Z,1985-01-01T00:00:00Z,N,NA,NA
utah,1988,0,1979-05-08T00:00:00Z,1984-12-31T00:00:00Z,N,NA,NA
vermont,1988,1,1979-05-08T00:00:00Z,2025-07-17T00:00:00Z,N,NA,NA
virginia,1988,1,1973-03-09T00:00:00Z,2025-07-17T00:00:00Z,N,NA,NA
washington,1988,1,1979-05-11T00:00:00Z,2025-07-17T00:00:00Z,N,NA,NA
west virginia,1988,1,1977-07-08T00:00:00Z,2025-07-17T00:00:00Z,N,NA,NA
wisconsin,1988,0,1977-01-01T00:00:00Z,1987-08-06T00:00:00Z,Y,1992-05-12T00:00:00Z,"Reenacted approval process, “quasi-CON”"
wyoming,1988,1,1977-05-27T00:00:00Z,2025-07-17T00:00:00Z,N,NA,"Repealed CON in March 13, 1987, except for nursing homes"
alabama,1989,1,1979-07-30T00:00:00Z,2025-07-17T00:00:00Z,N,NA,NA
alaska,1989,1,1976-07-01T00:00:00Z,2025-07-17T00:00:00Z,N,NA,NA
arizona,1989,0,1975-06-12T00:00:00Z,1985-03-15T00:00:00Z,N,NA,Certificate of Necessity for ambulances passed in 1993
arkansas,1989,1,1975-03-25T00:00:00Z,1987-01-01T00:00:00Z,Y,1987-01-01T00:00:00Z,"Reinstated Permit of Approval program, more relaxed CON law"
california,1989,0,1976-09-09T00:00:00Z,1987-01-01T00:00:00Z,N,NA,NA
colorado,1989,0,1973-05-30T00:00:00Z,1987-07-01T00:00:00Z,N,NA,NA
connecticut,1989,1,1973-07-01T00:00:00Z,2025-07-17T00:00:00Z,N,NA,"CON for Long Term Care Facilities became effective July 1, 1993"
delaware,1989,1,1978-06-30T00:00:00Z,2025-07-17T00:00:00Z,N,NA,NA
florida,1989,1,1973-07-01T00:00:00Z,2025-07-17T00:00:00Z,N,NA,NA
georgia,1989,1,1979-07-01T00:00:00Z,2025-07-17T00:00:00Z,N,NA,NA
hawaii,1989,1,1975-07-01T00:00:00Z,2025-07-17T00:00:00Z,N,NA,NA
idaho,1989,0,1980-03-20T00:00:00Z,1983-07-01T00:00:00Z,N,NA,CON expired in 1983 but repealed in 2004
illinois,1989,1,1974-07-01T00:00:00Z,2025-07-17T00:00:00Z,N,NA,"CON laws subject to review December 31st, 2029"
indiana,1989,1,1980-01-01T00:00:00Z,1999-01-01T00:00:00Z,Y,2019-01-01T00:00:00Z,No CON laws in 1996; 2018 CON law only applies to nursing homes
iowa,1989,1,1978-07-01T00:00:00Z,2025-07-17T00:00:00Z,N,NA,NA
kansas,1989,0,1972-03-21T00:00:00Z,1985-04-23T00:00:00Z,N,NA,NA
kentucky,1989,1,1972-07-01T00:00:00Z,2025-07-17T00:00:00Z,N,NA,NA
louisiana,1989,0,1990-07-06T00:00:00Z,2025-07-17T00:00:00Z,N,NA,NA
maine,1989,1,1978-03-30T00:00:00Z,2025-07-17T00:00:00Z,N,NA,NA
maryland,1989,1,1968-01-01T00:00:00Z,2025-07-17T00:00:00Z,N,NA,NA
massachusetts,1989,1,1972-06-01T00:00:00Z,2025-07-17T00:00:00Z,N,NA,NA
michigan,1989,1,1972-08-08T00:00:00Z,2025-07-17T00:00:00Z,N,NA,NA
minnesota,1989,1,1971-07-01T00:00:00Z,2025-07-17T00:00:00Z,N,NA,"Hospital moratorium from 1984 to June 30, 1987; 2004 public review"
mississippi,1989,1,1979-07-01T00:00:00Z,2025-07-17T00:00:00Z,N,NA,NA
missouri,1989,1,1980-10-01T00:00:00Z,2025-07-17T00:00:00Z,N,NA,NA
montana,1989,1,1975-04-16T00:00:00Z,2025-07-17T00:00:00Z,N,NA,"Repealed CON in 2019, generally, except for long-term care facilities"
nebraska,1989,1,1979-05-22T00:00:00Z,2025-07-17T00:00:00Z,N,NA,NA
nevada,1989,1,1972-07-01T00:00:00Z,2025-07-17T00:00:00Z,N,NA,NA
new hampshire,1989,1,1979-07-01T00:00:00Z,2025-07-17T00:00:00Z,N,NA,"Repealed CON June 30, 2016 and immediately implemented quasi-CON July 1, 2016"
new jersey,1989,1,1971-05-10T00:00:00Z,2025-07-17T00:00:00Z,N,NA,NA
new mexico,1989,0,1978-03-06T00:00:00Z,1981-01-01T00:00:00Z,N,NA,"Repealed CON, except for ambulance services"
new york,1989,1,1964-10-01T00:00:00Z,2025-07-17T00:00:00Z,N,NA,NA
north carolina,1989,1,1971-07-21T00:00:00Z,1973-03-28T00:00:00Z,Y,1979-01-01T00:00:00Z,NA
north dakota,1989,1,1971-03-27T00:00:00Z,1995-01-01T00:00:00Z,N,NA,NA
ohio,1989,1,1975-08-25T00:00:00Z,2025-07-17T00:00:00Z,N,NA,"Amendments added in March 15, 1979 and only regulates long-term care now"
oklahoma,1989,1,1971-04-08T00:00:00Z,2025-07-17T00:00:00Z,N,NA,"Repealed CON for Psychiatric and Chemical Dependency Facilities passed in 1989 on May 6, 2024"
oregon,1989,1,1971-07-01T00:00:00Z,2025-07-17T00:00:00Z,N,NA,NA
pennsylvania,1989,1,1979-10-01T00:00:00Z,1996-12-31T00:00:00Z,N,NA,"Original expiration date was December 31, 1992 but legislature extended law by 4-years"
rhode island,1989,1,1969-01-01T00:00:00Z,2025-07-17T00:00:00Z,N,NA,NA
south carolina,1989,1,1971-06-03T00:00:00Z,2025-07-17T00:00:00Z,N,NA,"CON laws subject to review January, 2027"
south dakota,1989,0,1972-02-09T00:00:00Z,1988-01-01T00:00:00Z,N,NA,NA
tennessee,1989,1,1973-07-01T00:00:00Z,2025-07-17T00:00:00Z,N,NA,NA
texas,1989,0,1971-05-26T00:00:00Z,1985-01-01T00:00:00Z,N,NA,NA
utah,1989,0,1979-05-08T00:00:00Z,1984-12-31T00:00:00Z,N,NA,NA
vermont,1989,1,1979-05-08T00:00:00Z,2025-07-17T00:00:00Z,N,NA,NA
virginia,1989,1,1973-03-09T00:00:00Z,2025-07-17T00:00:00Z,N,NA,NA
washington,1989,1,1979-05-11T00:00:00Z,2025-07-17T00:00:00Z,N,NA,NA
west virginia,1989,1,1977-07-08T00:00:00Z,2025-07-17T00:00:00Z,N,NA,NA
wisconsin,1989,0,1977-01-01T00:00:00Z,1987-08-06T00:00:00Z,Y,1992-05-12T00:00:00Z,"Reenacted approval process, “quasi-CON”"
wyoming,1989,1,1977-05-27T00:00:00Z,2025-07-17T00:00:00Z,N,NA,"Repealed CON in March 13, 1987, except for nursing homes"
alabama,1990,1,1979-07-30T00:00:00Z,2025-07-17T00:00:00Z,N,NA,NA
alaska,1990,1,1976-07-01T00:00:00Z,2025-07-17T00:00:00Z,N,NA,NA
arizona,1990,0,1975-06-12T00:00:00Z,1985-03-15T00:00:00Z,N,NA,Certificate of Necessity for ambulances passed in 1993
arkansas,1990,1,1975-03-25T00:00:00Z,1987-01-01T00:00:00Z,Y,1987-01-01T00:00:00Z,"Reinstated Permit of Approval program, more relaxed CON law"
california,1990,0,1976-09-09T00:00:00Z,1987-01-01T00:00:00Z,N,NA,NA
colorado,1990,0,1973-05-30T00:00:00Z,1987-07-01T00:00:00Z,N,NA,NA
connecticut,1990,1,1973-07-01T00:00:00Z,2025-07-17T00:00:00Z,N,NA,"CON for Long Term Care Facilities became effective July 1, 1993"
delaware,1990,1,1978-06-30T00:00:00Z,2025-07-17T00:00:00Z,N,NA,NA
florida,1990,1,1973-07-01T00:00:00Z,2025-07-17T00:00:00Z,N,NA,NA
georgia,1990,1,1979-07-01T00:00:00Z,2025-07-17T00:00:00Z,N,NA,NA
hawaii,1990,1,1975-07-01T00:00:00Z,2025-07-17T00:00:00Z,N,NA,NA
idaho,1990,0,1980-03-20T00:00:00Z,1983-07-01T00:00:00Z,N,NA,CON expired in 1983 but repealed in 2004
illinois,1990,1,1974-07-01T00:00:00Z,2025-07-17T00:00:00Z,N,NA,"CON laws subject to review December 31st, 2029"
indiana,1990,1,1980-01-01T00:00:00Z,1999-01-01T00:00:00Z,Y,2019-01-01T00:00:00Z,No CON laws in 1996; 2018 CON law only applies to nursing homes
iowa,1990,1,1978-07-01T00:00:00Z,2025-07-17T00:00:00Z,N,NA,NA
kansas,1990,0,1972-03-21T00:00:00Z,1985-04-23T00:00:00Z,N,NA,NA
kentucky,1990,1,1972-07-01T00:00:00Z,2025-07-17T00:00:00Z,N,NA,NA
louisiana,1990,0,1990-07-06T00:00:00Z,2025-07-17T00:00:00Z,N,NA,NA
maine,1990,1,1978-03-30T00:00:00Z,2025-07-17T00:00:00Z,N,NA,NA
maryland,1990,1,1968-01-01T00:00:00Z,2025-07-17T00:00:00Z,N,NA,NA
massachusetts,1990,1,1972-06-01T00:00:00Z,2025-07-17T00:00:00Z,N,NA,NA
michigan,1990,1,1972-08-08T00:00:00Z,2025-07-17T00:00:00Z,N,NA,NA
minnesota,1990,1,1971-07-01T00:00:00Z,2025-07-17T00:00:00Z,N,NA,"Hospital moratorium from 1984 to June 30, 1987; 2004 public review"
mississippi,1990,1,1979-07-01T00:00:00Z,2025-07-17T00:00:00Z,N,NA,NA
missouri,1990,1,1980-10-01T00:00:00Z,2025-07-17T00:00:00Z,N,NA,NA
montana,1990,1,1975-04-16T00:00:00Z,2025-07-17T00:00:00Z,N,NA,"Repealed CON in 2019, generally, except for long-term care facilities"
nebraska,1990,1,1979-05-22T00:00:00Z,2025-07-17T00:00:00Z,N,NA,NA
nevada,1990,1,1972-07-01T00:00:00Z,2025-07-17T00:00:00Z,N,NA,NA
new hampshire,1990,1,1979-07-01T00:00:00Z,2025-07-17T00:00:00Z,N,NA,"Repealed CON June 30, 2016 and immediately implemented quasi-CON July 1, 2016"
new jersey,1990,1,1971-05-10T00:00:00Z,2025-07-17T00:00:00Z,N,NA,NA
new mexico,1990,0,1978-03-06T00:00:00Z,1981-01-01T00:00:00Z,N,NA,"Repealed CON, except for ambulance services"
new york,1990,1,1964-10-01T00:00:00Z,2025-07-17T00:00:00Z,N,NA,NA
north carolina,1990,1,1971-07-21T00:00:00Z,1973-03-28T00:00:00Z,Y,1979-01-01T00:00:00Z,NA
north dakota,1990,1,1971-03-27T00:00:00Z,1995-01-01T00:00:00Z,N,NA,NA
ohio,1990,1,1975-08-25T00:00:00Z,2025-07-17T00:00:00Z,N,NA,"Amendments added in March 15, 1979 and only regulates long-term care now"
oklahoma,1990,1,1971-04-08T00:00:00Z,2025-07-17T00:00:00Z,N,NA,"Repealed CON for Psychiatric and Chemical Dependency Facilities passed in 1989 on May 6, 2024"
oregon,1990,1,1971-07-01T00:00:00Z,2025-07-17T00:00:00Z,N,NA,NA
pennsylvania,1990,1,1979-10-01T00:00:00Z,1996-12-31T00:00:00Z,N,NA,"Original expiration date was December 31, 1992 but legislature extended law by 4-years"
rhode island,1990,1,1969-01-01T00:00:00Z,2025-07-17T00:00:00Z,N,NA,NA
south carolina,1990,1,1971-06-03T00:00:00Z,2025-07-17T00:00:00Z,N,NA,"CON laws subject to review January, 2027"
south dakota,1990,0,1972-02-09T00:00:00Z,1988-01-01T00:00:00Z,N,NA,NA
tennessee,1990,1,1973-07-01T00:00:00Z,2025-07-17T00:00:00Z,N,NA,NA
texas,1990,0,1971-05-26T00:00:00Z,1985-01-01T00:00:00Z,N,NA,NA
utah,1990,0,1979-05-08T00:00:00Z,1984-12-31T00:00:00Z,N,NA,NA
vermont,1990,1,1979-05-08T00:00:00Z,2025-07-17T00:00:00Z,N,NA,NA
virginia,1990,1,1973-03-09T00:00:00Z,2025-07-17T00:00:00Z,N,NA,NA
washington,1990,1,1979-05-11T00:00:00Z,2025-07-17T00:00:00Z,N,NA,NA
west virginia,1990,1,1977-07-08T00:00:00Z,2025-07-17T00:00:00Z,N,NA,NA
wisconsin,1990,0,1977-01-01T00:00:00Z,1987-08-06T00:00:00Z,Y,1992-05-12T00:00:00Z,"Reenacted approval process, “quasi-CON”"
wyoming,1990,1,1977-05-27T00:00:00Z,2025-07-17T00:00:00Z,N,NA,"Repealed CON in March 13, 1987, except for nursing homes"
alabama,1991,1,1979-07-30T00:00:00Z,2025-07-17T00:00:00Z,N,NA,NA
alaska,1991,1,1976-07-01T00:00:00Z,2025-07-17T00:00:00Z,N,NA,NA
arizona,1991,0,1975-06-12T00:00:00Z,1985-03-15T00:00:00Z,N,NA,Certificate of Necessity for ambulances passed in 1993
arkansas,1991,1,1975-03-25T00:00:00Z,1987-01-01T00:00:00Z,Y,1987-01-01T00:00:00Z,"Reinstated Permit of Approval program, more relaxed CON law"
california,1991,0,1976-09-09T00:00:00Z,1987-01-01T00:00:00Z,N,NA,NA
colorado,1991,0,1973-05-30T00:00:00Z,1987-07-01T00:00:00Z,N,NA,NA
connecticut,1991,1,1973-07-01T00:00:00Z,2025-07-17T00:00:00Z,N,NA,"CON for Long Term Care Facilities became effective July 1, 1993"
delaware,1991,1,1978-06-30T00:00:00Z,2025-07-17T00:00:00Z,N,NA,NA
florida,1991,1,1973-07-01T00:00:00Z,2025-07-17T00:00:00Z,N,NA,NA
georgia,1991,1,1979-07-01T00:00:00Z,2025-07-17T00:00:00Z,N,NA,NA
hawaii,1991,1,1975-07-01T00:00:00Z,2025-07-17T00:00:00Z,N,NA,NA
idaho,1991,0,1980-03-20T00:00:00Z,1983-07-01T00:00:00Z,N,NA,CON expired in 1983 but repealed in 2004
illinois,1991,1,1974-07-01T00:00:00Z,2025-07-17T00:00:00Z,N,NA,"CON laws subject to review December 31st, 2029"
indiana,1991,1,1980-01-01T00:00:00Z,1999-01-01T00:00:00Z,Y,2019-01-01T00:00:00Z,No CON laws in 1996; 2018 CON law only applies to nursing homes
iowa,1991,1,1978-07-01T00:00:00Z,2025-07-17T00:00:00Z,N,NA,NA
kansas,1991,0,1972-03-21T00:00:00Z,1985-04-23T00:00:00Z,N,NA,NA
kentucky,1991,1,1972-07-01T00:00:00Z,2025-07-17T00:00:00Z,N,NA,NA
louisiana,1991,1,1990-07-06T00:00:00Z,2025-07-17T00:00:00Z,N,NA,NA
maine,1991,1,1978-03-30T00:00:00Z,2025-07-17T00:00:00Z,N,NA,NA
maryland,1991,1,1968-01-01T00:00:00Z,2025-07-17T00:00:00Z,N,NA,NA
massachusetts,1991,1,1972-06-01T00:00:00Z,2025-07-17T00:00:00Z,N,NA,NA
michigan,1991,1,1972-08-08T00:00:00Z,2025-07-17T00:00:00Z,N,NA,NA
minnesota,1991,1,1971-07-01T00:00:00Z,2025-07-17T00:00:00Z,N,NA,"Hospital moratorium from 1984 to June 30, 1987; 2004 public review"
mississippi,1991,1,1979-07-01T00:00:00Z,2025-07-17T00:00:00Z,N,NA,NA
missouri,1991,1,1980-10-01T00:00:00Z,2025-07-17T00:00:00Z,N,NA,NA
montana,1991,1,1975-04-16T00:00:00Z,2025-07-17T00:00:00Z,N,NA,"Repealed CON in 2019, generally, except for long-term care facilities"
nebraska,1991,1,1979-05-22T00:00:00Z,2025-07-17T00:00:00Z,N,NA,NA
nevada,1991,1,1972-07-01T00:00:00Z,2025-07-17T00:00:00Z,N,NA,NA
new hampshire,1991,1,1979-07-01T00:00:00Z,2025-07-17T00:00:00Z,N,NA,"Repealed CON June 30, 2016 and immediately implemented quasi-CON July 1, 2016"
new jersey,1991,1,1971-05-10T00:00:00Z,2025-07-17T00:00:00Z,N,NA,NA
new mexico,1991,0,1978-03-06T00:00:00Z,1981-01-01T00:00:00Z,N,NA,"Repealed CON, except for ambulance services"
new york,1991,1,1964-10-01T00:00:00Z,2025-07-17T00:00:00Z,N,NA,NA
north carolina,1991,1,1971-07-21T00:00:00Z,1973-03-28T00:00:00Z,Y,1979-01-01T00:00:00Z,NA
north dakota,1991,1,1971-03-27T00:00:00Z,1995-01-01T00:00:00Z,N,NA,NA
ohio,1991,1,1975-08-25T00:00:00Z,2025-07-17T00:00:00Z,N,NA,"Amendments added in March 15, 1979 and only regulates long-term care now"
oklahoma,1991,1,1971-04-08T00:00:00Z,2025-07-17T00:00:00Z,N,NA,"Repealed CON for Psychiatric and Chemical Dependency Facilities passed in 1989 on May 6, 2024"
oregon,1991,1,1971-07-01T00:00:00Z,2025-07-17T00:00:00Z,N,NA,NA
pennsylvania,1991,1,1979-10-01T00:00:00Z,1996-12-31T00:00:00Z,N,NA,"Original expiration date was December 31, 1992 but legislature extended law by 4-years"
rhode island,1991,1,1969-01-01T00:00:00Z,2025-07-17T00:00:00Z,N,NA,NA
south carolina,1991,1,1971-06-03T00:00:00Z,2025-07-17T00:00:00Z,N,NA,"CON laws subject to review January, 2027"
south dakota,1991,0,1972-02-09T00:00:00Z,1988-01-01T00:00:00Z,N,NA,NA
tennessee,1991,1,1973-07-01T00:00:00Z,2025-07-17T00:00:00Z,N,NA,NA
texas,1991,0,1971-05-26T00:00:00Z,1985-01-01T00:00:00Z,N,NA,NA
utah,1991,0,1979-05-08T00:00:00Z,1984-12-31T00:00:00Z,N,NA,NA
vermont,1991,1,1979-05-08T00:00:00Z,2025-07-17T00:00:00Z,N,NA,NA
virginia,1991,1,1973-03-09T00:00:00Z,2025-07-17T00:00:00Z,N,NA,NA
washington,1991,1,1979-05-11T00:00:00Z,2025-07-17T00:00:00Z,N,NA,NA
west virginia,1991,1,1977-07-08T00:00:00Z,2025-07-17T00:00:00Z,N,NA,NA
wisconsin,1991,0,1977-01-01T00:00:00Z,1987-08-06T00:00:00Z,Y,1992-05-12T00:00:00Z,"Reenacted approval process, “quasi-CON”"
wyoming,1991,1,1977-05-27T00:00:00Z,2025-07-17T00:00:00Z,N,NA,"Repealed CON in March 13, 1987, except for nursing homes"
alabama,1992,1,1979-07-30T00:00:00Z,2025-07-17T00:00:00Z,N,NA,NA
alaska,1992,1,1976-07-01T00:00:00Z,2025-07-17T00:00:00Z,N,NA,NA
arizona,1992,0,1975-06-12T00:00:00Z,1985-03-15T00:00:00Z,N,NA,Certificate of Necessity for ambulances passed in 1993
arkansas,1992,1,1975-03-25T00:00:00Z,1987-01-01T00:00:00Z,Y,1987-01-01T00:00:00Z,"Reinstated Permit of Approval program, more relaxed CON law"
california,1992,0,1976-09-09T00:00:00Z,1987-01-01T00:00:00Z,N,NA,NA
colorado,1992,0,1973-05-30T00:00:00Z,1987-07-01T00:00:00Z,N,NA,NA
connecticut,1992,1,1973-07-01T00:00:00Z,2025-07-17T00:00:00Z,N,NA,"CON for Long Term Care Facilities became effective July 1, 1993"
delaware,1992,1,1978-06-30T00:00:00Z,2025-07-17T00:00:00Z,N,NA,NA
florida,1992,1,1973-07-01T00:00:00Z,2025-07-17T00:00:00Z,N,NA,NA
georgia,1992,1,1979-07-01T00:00:00Z,2025-07-17T00:00:00Z,N,NA,NA
hawaii,1992,1,1975-07-01T00:00:00Z,2025-07-17T00:00:00Z,N,NA,NA
idaho,1992,0,1980-03-20T00:00:00Z,1983-07-01T00:00:00Z,N,NA,CON expired in 1983 but repealed in 2004
illinois,1992,1,1974-07-01T00:00:00Z,2025-07-17T00:00:00Z,N,NA,"CON laws subject to review December 31st, 2029"
indiana,1992,1,1980-01-01T00:00:00Z,1999-01-01T00:00:00Z,Y,2019-01-01T00:00:00Z,No CON laws in 1996; 2018 CON law only applies to nursing homes
iowa,1992,1,1978-07-01T00:00:00Z,2025-07-17T00:00:00Z,N,NA,NA
kansas,1992,0,1972-03-21T00:00:00Z,1985-04-23T00:00:00Z,N,NA,NA
kentucky,1992,1,1972-07-01T00:00:00Z,2025-07-17T00:00:00Z,N,NA,NA
louisiana,1992,1,1990-07-06T00:00:00Z,2025-07-17T00:00:00Z,N,NA,NA
maine,1992,1,1978-03-30T00:00:00Z,2025-07-17T00:00:00Z,N,NA,NA
maryland,1992,1,1968-01-01T00:00:00Z,2025-07-17T00:00:00Z,N,NA,NA
massachusetts,1992,1,1972-06-01T00:00:00Z,2025-07-17T00:00:00Z,N,NA,NA
michigan,1992,1,1972-08-08T00:00:00Z,2025-07-17T00:00:00Z,N,NA,NA
minnesota,1992,1,1971-07-01T00:00:00Z,2025-07-17T00:00:00Z,N,NA,"Hospital moratorium from 1984 to June 30, 1987; 2004 public review"
mississippi,1992,1,1979-07-01T00:00:00Z,2025-07-17T00:00:00Z,N,NA,NA
missouri,1992,1,1980-10-01T00:00:00Z,2025-07-17T00:00:00Z,N,NA,NA
montana,1992,1,1975-04-16T00:00:00Z,2025-07-17T00:00:00Z,N,NA,"Repealed CON in 2019, generally, except for long-term care facilities"
nebraska,1992,1,1979-05-22T00:00:00Z,2025-07-17T00:00:00Z,N,NA,NA
nevada,1992,1,1972-07-01T00:00:00Z,2025-07-17T00:00:00Z,N,NA,NA
new hampshire,1992,1,1979-07-01T00:00:00Z,2025-07-17T00:00:00Z,N,NA,"Repealed CON June 30, 2016 and immediately implemented quasi-CON July 1, 2016"
new jersey,1992,1,1971-05-10T00:00:00Z,2025-07-17T00:00:00Z,N,NA,NA
new mexico,1992,0,1978-03-06T00:00:00Z,1981-01-01T00:00:00Z,N,NA,"Repealed CON, except for ambulance services"
new york,1992,1,1964-10-01T00:00:00Z,2025-07-17T00:00:00Z,N,NA,NA
north carolina,1992,1,1971-07-21T00:00:00Z,1973-03-28T00:00:00Z,Y,1979-01-01T00:00:00Z,NA
north dakota,1992,1,1971-03-27T00:00:00Z,1995-01-01T00:00:00Z,N,NA,NA
ohio,1992,1,1975-08-25T00:00:00Z,2025-07-17T00:00:00Z,N,NA,"Amendments added in March 15, 1979 and only regulates long-term care now"
oklahoma,1992,1,1971-04-08T00:00:00Z,2025-07-17T00:00:00Z,N,NA,"Repealed CON for Psychiatric and Chemical Dependency Facilities passed in 1989 on May 6, 2024"
oregon,1992,1,1971-07-01T00:00:00Z,2025-07-17T00:00:00Z,N,NA,NA
pennsylvania,1992,1,1979-10-01T00:00:00Z,1996-12-31T00:00:00Z,N,NA,"Original expiration date was December 31, 1992 but legislature extended law by 4-years"
rhode island,1992,1,1969-01-01T00:00:00Z,2025-07-17T00:00:00Z,N,NA,NA
south carolina,1992,1,1971-06-03T00:00:00Z,2025-07-17T00:00:00Z,N,NA,"CON laws subject to review January, 2027"
south dakota,1992,0,1972-02-09T00:00:00Z,1988-01-01T00:00:00Z,N,NA,NA
tennessee,1992,1,1973-07-01T00:00:00Z,2025-07-17T00:00:00Z,N,NA,NA
texas,1992,0,1971-05-26T00:00:00Z,1985-01-01T00:00:00Z,N,NA,NA
utah,1992,0,1979-05-08T00:00:00Z,1984-12-31T00:00:00Z,N,NA,NA
vermont,1992,1,1979-05-08T00:00:00Z,2025-07-17T00:00:00Z,N,NA,NA
virginia,1992,1,1973-03-09T00:00:00Z,2025-07-17T00:00:00Z,N,NA,NA
washington,1992,1,1979-05-11T00:00:00Z,2025-07-17T00:00:00Z,N,NA,NA
west virginia,1992,1,1977-07-08T00:00:00Z,2025-07-17T00:00:00Z,N,NA,NA
wisconsin,1992,1,1977-01-01T00:00:00Z,1987-08-06T00:00:00Z,Y,1992-05-12T00:00:00Z,"Reenacted approval process, “quasi-CON”"
wyoming,1992,1,1977-05-27T00:00:00Z,2025-07-17T00:00:00Z,N,NA,"Repealed CON in March 13, 1987, except for nursing homes"
alabama,1993,1,1979-07-30T00:00:00Z,2025-07-17T00:00:00Z,N,NA,NA
alaska,1993,1,1976-07-01T00:00:00Z,2025-07-17T00:00:00Z,N,NA,NA
arizona,1993,0,1975-06-12T00:00:00Z,1985-03-15T00:00:00Z,N,NA,Certificate of Necessity for ambulances passed in 1993
arkansas,1993,1,1975-03-25T00:00:00Z,1987-01-01T00:00:00Z,Y,1987-01-01T00:00:00Z,"Reinstated Permit of Approval program, more relaxed CON law"
california,1993,0,1976-09-09T00:00:00Z,1987-01-01T00:00:00Z,N,NA,NA
colorado,1993,0,1973-05-30T00:00:00Z,1987-07-01T00:00:00Z,N,NA,NA
connecticut,1993,1,1973-07-01T00:00:00Z,2025-07-17T00:00:00Z,N,NA,"CON for Long Term Care Facilities became effective July 1, 1993"
delaware,1993,1,1978-06-30T00:00:00Z,2025-07-17T00:00:00Z,N,NA,NA
florida,1993,1,1973-07-01T00:00:00Z,2025-07-17T00:00:00Z,N,NA,NA
georgia,1993,1,1979-07-01T00:00:00Z,2025-07-17T00:00:00Z,N,NA,NA
hawaii,1993,1,1975-07-01T00:00:00Z,2025-07-17T00:00:00Z,N,NA,NA
idaho,1993,0,1980-03-20T00:00:00Z,1983-07-01T00:00:00Z,N,NA,CON expired in 1983 but repealed in 2004
illinois,1993,1,1974-07-01T00:00:00Z,2025-07-17T00:00:00Z,N,NA,"CON laws subject to review December 31st, 2029"
indiana,1993,1,1980-01-01T00:00:00Z,1999-01-01T00:00:00Z,Y,2019-01-01T00:00:00Z,No CON laws in 1996; 2018 CON law only applies to nursing homes
iowa,1993,1,1978-07-01T00:00:00Z,2025-07-17T00:00:00Z,N,NA,NA
kansas,1993,0,1972-03-21T00:00:00Z,1985-04-23T00:00:00Z,N,NA,NA
kentucky,1993,1,1972-07-01T00:00:00Z,2025-07-17T00:00:00Z,N,NA,NA
louisiana,1993,1,1990-07-06T00:00:00Z,2025-07-17T00:00:00Z,N,NA,NA
maine,1993,1,1978-03-30T00:00:00Z,2025-07-17T00:00:00Z,N,NA,NA
maryland,1993,1,1968-01-01T00:00:00Z,2025-07-17T00:00:00Z,N,NA,NA
massachusetts,1993,1,1972-06-01T00:00:00Z,2025-07-17T00:00:00Z,N,NA,NA
michigan,1993,1,1972-08-08T00:00:00Z,2025-07-17T00:00:00Z,N,NA,NA
minnesota,1993,1,1971-07-01T00:00:00Z,2025-07-17T00:00:00Z,N,NA,"Hospital moratorium from 1984 to June 30, 1987; 2004 public review"
mississippi,1993,1,1979-07-01T00:00:00Z,2025-07-17T00:00:00Z,N,NA,NA
missouri,1993,1,1980-10-01T00:00:00Z,2025-07-17T00:00:00Z,N,NA,NA
montana,1993,1,1975-04-16T00:00:00Z,2025-07-17T00:00:00Z,N,NA,"Repealed CON in 2019, generally, except for long-term care facilities"
nebraska,1993,1,1979-05-22T00:00:00Z,2025-07-17T00:00:00Z,N,NA,NA
nevada,1993,1,1972-07-01T00:00:00Z,2025-07-17T00:00:00Z,N,NA,NA
new hampshire,1993,1,1979-07-01T00:00:00Z,2025-07-17T00:00:00Z,N,NA,"Repealed CON June 30, 2016 and immediately implemented quasi-CON July 1, 2016"
new jersey,1993,1,1971-05-10T00:00:00Z,2025-07-17T00:00:00Z,N,NA,NA
new mexico,1993,0,1978-03-06T00:00:00Z,1981-01-01T00:00:00Z,N,NA,"Repealed CON, except for ambulance services"
new york,1993,1,1964-10-01T00:00:00Z,2025-07-17T00:00:00Z,N,NA,NA
north carolina,1993,1,1971-07-21T00:00:00Z,1973-03-28T00:00:00Z,Y,1979-01-01T00:00:00Z,NA
north dakota,1993,1,1971-03-27T00:00:00Z,1995-01-01T00:00:00Z,N,NA,NA
ohio,1993,1,1975-08-25T00:00:00Z,2025-07-17T00:00:00Z,N,NA,"Amendments added in March 15, 1979 and only regulates long-term care now"
oklahoma,1993,1,1971-04-08T00:00:00Z,2025-07-17T00:00:00Z,N,NA,"Repealed CON for Psychiatric and Chemical Dependency Facilities passed in 1989 on May 6, 2024"
oregon,1993,1,1971-07-01T00:00:00Z,2025-07-17T00:00:00Z,N,NA,NA
pennsylvania,1993,1,1979-10-01T00:00:00Z,1996-12-31T00:00:00Z,N,NA,"Original expiration date was December 31, 1992 but legislature extended law by 4-years"
rhode island,1993,1,1969-01-01T00:00:00Z,2025-07-17T00:00:00Z,N,NA,NA
south carolina,1993,1,1971-06-03T00:00:00Z,2025-07-17T00:00:00Z,N,NA,"CON laws subject to review January, 2027"
south dakota,1993,0,1972-02-09T00:00:00Z,1988-01-01T00:00:00Z,N,NA,NA
tennessee,1993,1,1973-07-01T00:00:00Z,2025-07-17T00:00:00Z,N,NA,NA
texas,1993,0,1971-05-26T00:00:00Z,1985-01-01T00:00:00Z,N,NA,NA
utah,1993,0,1979-05-08T00:00:00Z,1984-12-31T00:00:00Z,N,NA,NA
vermont,1993,1,1979-05-08T00:00:00Z,2025-07-17T00:00:00Z,N,NA,NA
virginia,1993,1,1973-03-09T00:00:00Z,2025-07-17T00:00:00Z,N,NA,NA
washington,1993,1,1979-05-11T00:00:00Z,2025-07-17T00:00:00Z,N,NA,NA
west virginia,1993,1,1977-07-08T00:00:00Z,2025-07-17T00:00:00Z,N,NA,NA
wisconsin,1993,1,1977-01-01T00:00:00Z,1987-08-06T00:00:00Z,Y,1992-05-12T00:00:00Z,"Reenacted approval process, “quasi-CON”"
wyoming,1993,1,1977-05-27T00:00:00Z,2025-07-17T00:00:00Z,N,NA,"Repealed CON in March 13, 1987, except for nursing homes"
alabama,1994,1,1979-07-30T00:00:00Z,2025-07-17T00:00:00Z,N,NA,NA
alaska,1994,1,1976-07-01T00:00:00Z,2025-07-17T00:00:00Z,N,NA,NA
arizona,1994,0,1975-06-12T00:00:00Z,1985-03-15T00:00:00Z,N,NA,Certificate of Necessity for ambulances passed in 1993
arkansas,1994,1,1975-03-25T00:00:00Z,1987-01-01T00:00:00Z,Y,1987-01-01T00:00:00Z,"Reinstated Permit of Approval program, more relaxed CON law"
california,1994,0,1976-09-09T00:00:00Z,1987-01-01T00:00:00Z,N,NA,NA
colorado,1994,0,1973-05-30T00:00:00Z,1987-07-01T00:00:00Z,N,NA,NA
connecticut,1994,1,1973-07-01T00:00:00Z,2025-07-17T00:00:00Z,N,NA,"CON for Long Term Care Facilities became effective July 1, 1993"
delaware,1994,1,1978-06-30T00:00:00Z,2025-07-17T00:00:00Z,N,NA,NA
florida,1994,1,1973-07-01T00:00:00Z,2025-07-17T00:00:00Z,N,NA,NA
georgia,1994,1,1979-07-01T00:00:00Z,2025-07-17T00:00:00Z,N,NA,NA
hawaii,1994,1,1975-07-01T00:00:00Z,2025-07-17T00:00:00Z,N,NA,NA
idaho,1994,0,1980-03-20T00:00:00Z,1983-07-01T00:00:00Z,N,NA,CON expired in 1983 but repealed in 2004
illinois,1994,1,1974-07-01T00:00:00Z,2025-07-17T00:00:00Z,N,NA,"CON laws subject to review December 31st, 2029"
indiana,1994,1,1980-01-01T00:00:00Z,1999-01-01T00:00:00Z,Y,2019-01-01T00:00:00Z,No CON laws in 1996; 2018 CON law only applies to nursing homes
iowa,1994,1,1978-07-01T00:00:00Z,2025-07-17T00:00:00Z,N,NA,NA
kansas,1994,0,1972-03-21T00:00:00Z,1985-04-23T00:00:00Z,N,NA,NA
kentucky,1994,1,1972-07-01T00:00:00Z,2025-07-17T00:00:00Z,N,NA,NA
louisiana,1994,1,1990-07-06T00:00:00Z,2025-07-17T00:00:00Z,N,NA,NA
maine,1994,1,1978-03-30T00:00:00Z,2025-07-17T00:00:00Z,N,NA,NA
maryland,1994,1,1968-01-01T00:00:00Z,2025-07-17T00:00:00Z,N,NA,NA
massachusetts,1994,1,1972-06-01T00:00:00Z,2025-07-17T00:00:00Z,N,NA,NA
michigan,1994,1,1972-08-08T00:00:00Z,2025-07-17T00:00:00Z,N,NA,NA
minnesota,1994,1,1971-07-01T00:00:00Z,2025-07-17T00:00:00Z,N,NA,"Hospital moratorium from 1984 to June 30, 1987; 2004 public review"
mississippi,1994,1,1979-07-01T00:00:00Z,2025-07-17T00:00:00Z,N,NA,NA
missouri,1994,1,1980-10-01T00:00:00Z,2025-07-17T00:00:00Z,N,NA,NA
montana,1994,1,1975-04-16T00:00:00Z,2025-07-17T00:00:00Z,N,NA,"Repealed CON in 2019, generally, except for long-term care facilities"
nebraska,1994,1,1979-05-22T00:00:00Z,2025-07-17T00:00:00Z,N,NA,NA
nevada,1994,1,1972-07-01T00:00:00Z,2025-07-17T00:00:00Z,N,NA,NA
new hampshire,1994,1,1979-07-01T00:00:00Z,2025-07-17T00:00:00Z,N,NA,"Repealed CON June 30, 2016 and immediately implemented quasi-CON July 1, 2016"
new jersey,1994,1,1971-05-10T00:00:00Z,2025-07-17T00:00:00Z,N,NA,NA
new mexico,1994,0,1978-03-06T00:00:00Z,1981-01-01T00:00:00Z,N,NA,"Repealed CON, except for ambulance services"
new york,1994,1,1964-10-01T00:00:00Z,2025-07-17T00:00:00Z,N,NA,NA
north carolina,1994,1,1971-07-21T00:00:00Z,1973-03-28T00:00:00Z,Y,1979-01-01T00:00:00Z,NA
north dakota,1994,1,1971-03-27T00:00:00Z,1995-01-01T00:00:00Z,N,NA,NA
ohio,1994,1,1975-08-25T00:00:00Z,2025-07-17T00:00:00Z,N,NA,"Amendments added in March 15, 1979 and only regulates long-term care now"
oklahoma,1994,1,1971-04-08T00:00:00Z,2025-07-17T00:00:00Z,N,NA,"Repealed CON for Psychiatric and Chemical Dependency Facilities passed in 1989 on May 6, 2024"
oregon,1994,1,1971-07-01T00:00:00Z,2025-07-17T00:00:00Z,N,NA,NA
pennsylvania,1994,1,1979-10-01T00:00:00Z,1996-12-31T00:00:00Z,N,NA,"Original expiration date was December 31, 1992 but legislature extended law by 4-years"
rhode island,1994,1,1969-01-01T00:00:00Z,2025-07-17T00:00:00Z,N,NA,NA
south carolina,1994,1,1971-06-03T00:00:00Z,2025-07-17T00:00:00Z,N,NA,"CON laws subject to review January, 2027"
south dakota,1994,0,1972-02-09T00:00:00Z,1988-01-01T00:00:00Z,N,NA,NA
tennessee,1994,1,1973-07-01T00:00:00Z,2025-07-17T00:00:00Z,N,NA,NA
texas,1994,0,1971-05-26T00:00:00Z,1985-01-01T00:00:00Z,N,NA,NA
utah,1994,0,1979-05-08T00:00:00Z,1984-12-31T00:00:00Z,N,NA,NA
vermont,1994,1,1979-05-08T00:00:00Z,2025-07-17T00:00:00Z,N,NA,NA
virginia,1994,1,1973-03-09T00:00:00Z,2025-07-17T00:00:00Z,N,NA,NA
washington,1994,1,1979-05-11T00:00:00Z,2025-07-17T00:00:00Z,N,NA,NA
west virginia,1994,1,1977-07-08T00:00:00Z,2025-07-17T00:00:00Z,N,NA,NA
wisconsin,1994,1,1977-01-01T00:00:00Z,1987-08-06T00:00:00Z,Y,1992-05-12T00:00:00Z,"Reenacted approval process, “quasi-CON”"
wyoming,1994,1,1977-05-27T00:00:00Z,2025-07-17T00:00:00Z,N,NA,"Repealed CON in March 13, 1987, except for nursing homes"
alabama,1995,1,1979-07-30T00:00:00Z,2025-07-17T00:00:00Z,N,NA,NA
alaska,1995,1,1976-07-01T00:00:00Z,2025-07-17T00:00:00Z,N,NA,NA
arizona,1995,0,1975-06-12T00:00:00Z,1985-03-15T00:00:00Z,N,NA,Certificate of Necessity for ambulances passed in 1993
arkansas,1995,1,1975-03-25T00:00:00Z,1987-01-01T00:00:00Z,Y,1987-01-01T00:00:00Z,"Reinstated Permit of Approval program, more relaxed CON law"
california,1995,0,1976-09-09T00:00:00Z,1987-01-01T00:00:00Z,N,NA,NA
colorado,1995,0,1973-05-30T00:00:00Z,1987-07-01T00:00:00Z,N,NA,NA
connecticut,1995,1,1973-07-01T00:00:00Z,2025-07-17T00:00:00Z,N,NA,"CON for Long Term Care Facilities became effective July 1, 1993"
delaware,1995,1,1978-06-30T00:00:00Z,2025-07-17T00:00:00Z,N,NA,NA
florida,1995,1,1973-07-01T00:00:00Z,2025-07-17T00:00:00Z,N,NA,NA
georgia,1995,1,1979-07-01T00:00:00Z,2025-07-17T00:00:00Z,N,NA,NA
hawaii,1995,1,1975-07-01T00:00:00Z,2025-07-17T00:00:00Z,N,NA,NA
idaho,1995,0,1980-03-20T00:00:00Z,1983-07-01T00:00:00Z,N,NA,CON expired in 1983 but repealed in 2004
illinois,1995,1,1974-07-01T00:00:00Z,2025-07-17T00:00:00Z,N,NA,"CON laws subject to review December 31st, 2029"
indiana,1995,1,1980-01-01T00:00:00Z,1999-01-01T00:00:00Z,Y,2019-01-01T00:00:00Z,No CON laws in 1996; 2018 CON law only applies to nursing homes
iowa,1995,1,1978-07-01T00:00:00Z,2025-07-17T00:00:00Z,N,NA,NA
kansas,1995,0,1972-03-21T00:00:00Z,1985-04-23T00:00:00Z,N,NA,NA
kentucky,1995,1,1972-07-01T00:00:00Z,2025-07-17T00:00:00Z,N,NA,NA
louisiana,1995,1,1990-07-06T00:00:00Z,2025-07-17T00:00:00Z,N,NA,NA
maine,1995,1,1978-03-30T00:00:00Z,2025-07-17T00:00:00Z,N,NA,NA
maryland,1995,1,1968-01-01T00:00:00Z,2025-07-17T00:00:00Z,N,NA,NA
massachusetts,1995,1,1972-06-01T00:00:00Z,2025-07-17T00:00:00Z,N,NA,NA
michigan,1995,1,1972-08-08T00:00:00Z,2025-07-17T00:00:00Z,N,NA,NA
minnesota,1995,1,1971-07-01T00:00:00Z,2025-07-17T00:00:00Z,N,NA,"Hospital moratorium from 1984 to June 30, 1987; 2004 public review"
mississippi,1995,1,1979-07-01T00:00:00Z,2025-07-17T00:00:00Z,N,NA,NA
missouri,1995,1,1980-10-01T00:00:00Z,2025-07-17T00:00:00Z,N,NA,NA
montana,1995,1,1975-04-16T00:00:00Z,2025-07-17T00:00:00Z,N,NA,"Repealed CON in 2019, generally, except for long-term care facilities"
nebraska,1995,1,1979-05-22T00:00:00Z,2025-07-17T00:00:00Z,N,NA,NA
nevada,1995,1,1972-07-01T00:00:00Z,2025-07-17T00:00:00Z,N,NA,NA
new hampshire,1995,1,1979-07-01T00:00:00Z,2025-07-17T00:00:00Z,N,NA,"Repealed CON June 30, 2016 and immediately implemented quasi-CON July 1, 2016"
new jersey,1995,1,1971-05-10T00:00:00Z,2025-07-17T00:00:00Z,N,NA,NA
new mexico,1995,0,1978-03-06T00:00:00Z,1981-01-01T00:00:00Z,N,NA,"Repealed CON, except for ambulance services"
new york,1995,1,1964-10-01T00:00:00Z,2025-07-17T00:00:00Z,N,NA,NA
north carolina,1995,1,1971-07-21T00:00:00Z,1973-03-28T00:00:00Z,Y,1979-01-01T00:00:00Z,NA
north dakota,1995,0,1971-03-27T00:00:00Z,1995-01-01T00:00:00Z,N,NA,NA
ohio,1995,1,1975-08-25T00:00:00Z,2025-07-17T00:00:00Z,N,NA,"Amendments added in March 15, 1979 and only regulates long-term care now"
oklahoma,1995,1,1971-04-08T00:00:00Z,2025-07-17T00:00:00Z,N,NA,"Repealed CON for Psychiatric and Chemical Dependency Facilities passed in 1989 on May 6, 2024"
oregon,1995,1,1971-07-01T00:00:00Z,2025-07-17T00:00:00Z,N,NA,NA
pennsylvania,1995,1,1979-10-01T00:00:00Z,1996-12-31T00:00:00Z,N,NA,"Original expiration date was December 31, 1992 but legislature extended law by 4-years"
rhode island,1995,1,1969-01-01T00:00:00Z,2025-07-17T00:00:00Z,N,NA,NA
south carolina,1995,1,1971-06-03T00:00:00Z,2025-07-17T00:00:00Z,N,NA,"CON laws subject to review January, 2027"
south dakota,1995,0,1972-02-09T00:00:00Z,1988-01-01T00:00:00Z,N,NA,NA
tennessee,1995,1,1973-07-01T00:00:00Z,2025-07-17T00:00:00Z,N,NA,NA
texas,1995,0,1971-05-26T00:00:00Z,1985-01-01T00:00:00Z,N,NA,NA
utah,1995,0,1979-05-08T00:00:00Z,1984-12-31T00:00:00Z,N,NA,NA
vermont,1995,1,1979-05-08T00:00:00Z,2025-07-17T00:00:00Z,N,NA,NA
virginia,1995,1,1973-03-09T00:00:00Z,2025-07-17T00:00:00Z,N,NA,NA
washington,1995,1,1979-05-11T00:00:00Z,2025-07-17T00:00:00Z,N,NA,NA
west virginia,1995,1,1977-07-08T00:00:00Z,2025-07-17T00:00:00Z,N,NA,NA
wisconsin,1995,1,1977-01-01T00:00:00Z,1987-08-06T00:00:00Z,Y,1992-05-12T00:00:00Z,"Reenacted approval process, “quasi-CON”"
wyoming,1995,1,1977-05-27T00:00:00Z,2025-07-17T00:00:00Z,N,NA,"Repealed CON in March 13, 1987, except for nursing homes"
alabama,1996,1,1979-07-30T00:00:00Z,2025-07-17T00:00:00Z,N,NA,NA
alaska,1996,1,1976-07-01T00:00:00Z,2025-07-17T00:00:00Z,N,NA,NA
arizona,1996,0,1975-06-12T00:00:00Z,1985-03-15T00:00:00Z,N,NA,Certificate of Necessity for ambulances passed in 1993
arkansas,1996,1,1975-03-25T00:00:00Z,1987-01-01T00:00:00Z,Y,1987-01-01T00:00:00Z,"Reinstated Permit of Approval program, more relaxed CON law"
california,1996,0,1976-09-09T00:00:00Z,1987-01-01T00:00:00Z,N,NA,NA
colorado,1996,0,1973-05-30T00:00:00Z,1987-07-01T00:00:00Z,N,NA,NA
connecticut,1996,1,1973-07-01T00:00:00Z,2025-07-17T00:00:00Z,N,NA,"CON for Long Term Care Facilities became effective July 1, 1993"
delaware,1996,1,1978-06-30T00:00:00Z,2025-07-17T00:00:00Z,N,NA,NA
florida,1996,1,1973-07-01T00:00:00Z,2025-07-17T00:00:00Z,N,NA,NA
georgia,1996,1,1979-07-01T00:00:00Z,2025-07-17T00:00:00Z,N,NA,NA
hawaii,1996,1,1975-07-01T00:00:00Z,2025-07-17T00:00:00Z,N,NA,NA
idaho,1996,0,1980-03-20T00:00:00Z,1983-07-01T00:00:00Z,N,NA,CON expired in 1983 but repealed in 2004
illinois,1996,1,1974-07-01T00:00:00Z,2025-07-17T00:00:00Z,N,NA,"CON laws subject to review December 31st, 2029"
indiana,1996,0,1980-01-01T00:00:00Z,1999-01-01T00:00:00Z,Y,2019-01-01T00:00:00Z,No CON laws in 1996; 2018 CON law only applies to nursing homes
iowa,1996,1,1978-07-01T00:00:00Z,2025-07-17T00:00:00Z,N,NA,NA
kansas,1996,0,1972-03-21T00:00:00Z,1985-04-23T00:00:00Z,N,NA,NA
kentucky,1996,1,1972-07-01T00:00:00Z,2025-07-17T00:00:00Z,N,NA,NA
louisiana,1996,1,1990-07-06T00:00:00Z,2025-07-17T00:00:00Z,N,NA,NA
maine,1996,1,1978-03-30T00:00:00Z,2025-07-17T00:00:00Z,N,NA,NA
maryland,1996,1,1968-01-01T00:00:00Z,2025-07-17T00:00:00Z,N,NA,NA
massachusetts,1996,1,1972-06-01T00:00:00Z,2025-07-17T00:00:00Z,N,NA,NA
michigan,1996,1,1972-08-08T00:00:00Z,2025-07-17T00:00:00Z,N,NA,NA
minnesota,1996,1,1971-07-01T00:00:00Z,2025-07-17T00:00:00Z,N,NA,"Hospital moratorium from 1984 to June 30, 1987; 2004 public review"
mississippi,1996,1,1979-07-01T00:00:00Z,2025-07-17T00:00:00Z,N,NA,NA
missouri,1996,1,1980-10-01T00:00:00Z,2025-07-17T00:00:00Z,N,NA,NA
montana,1996,1,1975-04-16T00:00:00Z,2025-07-17T00:00:00Z,N,NA,"Repealed CON in 2019, generally, except for long-term care facilities"
nebraska,1996,1,1979-05-22T00:00:00Z,2025-07-17T00:00:00Z,N,NA,NA
nevada,1996,1,1972-07-01T00:00:00Z,2025-07-17T00:00:00Z,N,NA,NA
new hampshire,1996,1,1979-07-01T00:00:00Z,2025-07-17T00:00:00Z,N,NA,"Repealed CON June 30, 2016 and immediately implemented quasi-CON July 1, 2016"
new jersey,1996,1,1971-05-10T00:00:00Z,2025-07-17T00:00:00Z,N,NA,NA
new mexico,1996,0,1978-03-06T00:00:00Z,1981-01-01T00:00:00Z,N,NA,"Repealed CON, except for ambulance services"
new york,1996,1,1964-10-01T00:00:00Z,2025-07-17T00:00:00Z,N,NA,NA
north carolina,1996,1,1971-07-21T00:00:00Z,1973-03-28T00:00:00Z,Y,1979-01-01T00:00:00Z,NA
north dakota,1996,0,1971-03-27T00:00:00Z,1995-01-01T00:00:00Z,N,NA,NA
ohio,1996,1,1975-08-25T00:00:00Z,2025-07-17T00:00:00Z,N,NA,"Amendments added in March 15, 1979 and only regulates long-term care now"
oklahoma,1996,1,1971-04-08T00:00:00Z,2025-07-17T00:00:00Z,N,NA,"Repealed CON for Psychiatric and Chemical Dependency Facilities passed in 1989 on May 6, 2024"
oregon,1996,1,1971-07-01T00:00:00Z,2025-07-17T00:00:00Z,N,NA,NA
pennsylvania,1996,1,1979-10-01T00:00:00Z,1996-12-31T00:00:00Z,N,NA,"Original expiration date was December 31, 1992 but legislature extended law by 4-years"
rhode island,1996,1,1969-01-01T00:00:00Z,2025-07-17T00:00:00Z,N,NA,NA
south carolina,1996,1,1971-06-03T00:00:00Z,2025-07-17T00:00:00Z,N,NA,"CON laws subject to review January, 2027"
south dakota,1996,0,1972-02-09T00:00:00Z,1988-01-01T00:00:00Z,N,NA,NA
tennessee,1996,1,1973-07-01T00:00:00Z,2025-07-17T00:00:00Z,N,NA,NA
texas,1996,0,1971-05-26T00:00:00Z,1985-01-01T00:00:00Z,N,NA,NA
utah,1996,0,1979-05-08T00:00:00Z,1984-12-31T00:00:00Z,N,NA,NA
vermont,1996,1,1979-05-08T00:00:00Z,2025-07-17T00:00:00Z,N,NA,NA
virginia,1996,1,1973-03-09T00:00:00Z,2025-07-17T00:00:00Z,N,NA,NA
washington,1996,1,1979-05-11T00:00:00Z,2025-07-17T00:00:00Z,N,NA,NA
west virginia,1996,1,1977-07-08T00:00:00Z,2025-07-17T00:00:00Z,N,NA,NA
wisconsin,1996,1,1977-01-01T00:00:00Z,1987-08-06T00:00:00Z,Y,1992-05-12T00:00:00Z,"Reenacted approval process, “quasi-CON”"
wyoming,1996,1,1977-05-27T00:00:00Z,2025-07-17T00:00:00Z,N,NA,"Repealed CON in March 13, 1987, except for nursing homes"
alabama,1997,1,1979-07-30T00:00:00Z,2025-07-17T00:00:00Z,N,NA,NA
alaska,1997,1,1976-07-01T00:00:00Z,2025-07-17T00:00:00Z,N,NA,NA
arizona,1997,0,1975-06-12T00:00:00Z,1985-03-15T00:00:00Z,N,NA,Certificate of Necessity for ambulances passed in 1993
arkansas,1997,1,1975-03-25T00:00:00Z,1987-01-01T00:00:00Z,Y,1987-01-01T00:00:00Z,"Reinstated Permit of Approval program, more relaxed CON law"
california,1997,0,1976-09-09T00:00:00Z,1987-01-01T00:00:00Z,N,NA,NA
colorado,1997,0,1973-05-30T00:00:00Z,1987-07-01T00:00:00Z,N,NA,NA
connecticut,1997,1,1973-07-01T00:00:00Z,2025-07-17T00:00:00Z,N,NA,"CON for Long Term Care Facilities became effective July 1, 1993"
delaware,1997,1,1978-06-30T00:00:00Z,2025-07-17T00:00:00Z,N,NA,NA
florida,1997,1,1973-07-01T00:00:00Z,2025-07-17T00:00:00Z,N,NA,NA
georgia,1997,1,1979-07-01T00:00:00Z,2025-07-17T00:00:00Z,N,NA,NA
hawaii,1997,1,1975-07-01T00:00:00Z,2025-07-17T00:00:00Z,N,NA,NA
idaho,1997,0,1980-03-20T00:00:00Z,1983-07-01T00:00:00Z,N,NA,CON expired in 1983 but repealed in 2004
illinois,1997,1,1974-07-01T00:00:00Z,2025-07-17T00:00:00Z,N,NA,"CON laws subject to review December 31st, 2029"
indiana,1997,1,1980-01-01T00:00:00Z,1999-01-01T00:00:00Z,Y,2019-01-01T00:00:00Z,No CON laws in 1996; 2018 CON law only applies to nursing homes
iowa,1997,1,1978-07-01T00:00:00Z,2025-07-17T00:00:00Z,N,NA,NA
kansas,1997,0,1972-03-21T00:00:00Z,1985-04-23T00:00:00Z,N,NA,NA
kentucky,1997,1,1972-07-01T00:00:00Z,2025-07-17T00:00:00Z,N,NA,NA
louisiana,1997,1,1990-07-06T00:00:00Z,2025-07-17T00:00:00Z,N,NA,NA
maine,1997,1,1978-03-30T00:00:00Z,2025-07-17T00:00:00Z,N,NA,NA
maryland,1997,1,1968-01-01T00:00:00Z,2025-07-17T00:00:00Z,N,NA,NA
massachusetts,1997,1,1972-06-01T00:00:00Z,2025-07-17T00:00:00Z,N,NA,NA
michigan,1997,1,1972-08-08T00:00:00Z,2025-07-17T00:00:00Z,N,NA,NA
minnesota,1997,1,1971-07-01T00:00:00Z,2025-07-17T00:00:00Z,N,NA,"Hospital moratorium from 1984 to June 30, 1987; 2004 public review"
mississippi,1997,1,1979-07-01T00:00:00Z,2025-07-17T00:00:00Z,N,NA,NA
missouri,1997,1,1980-10-01T00:00:00Z,2025-07-17T00:00:00Z,N,NA,NA
montana,1997,1,1975-04-16T00:00:00Z,2025-07-17T00:00:00Z,N,NA,"Repealed CON in 2019, generally, except for long-term care facilities"
nebraska,1997,1,1979-05-22T00:00:00Z,2025-07-17T00:00:00Z,N,NA,NA
nevada,1997,1,1972-07-01T00:00:00Z,2025-07-17T00:00:00Z,N,NA,NA
new hampshire,1997,1,1979-07-01T00:00:00Z,2025-07-17T00:00:00Z,N,NA,"Repealed CON June 30, 2016 and immediately implemented quasi-CON July 1, 2016"
new jersey,1997,1,1971-05-10T00:00:00Z,2025-07-17T00:00:00Z,N,NA,NA
new mexico,1997,0,1978-03-06T00:00:00Z,1981-01-01T00:00:00Z,N,NA,"Repealed CON, except for ambulance services"
new york,1997,1,1964-10-01T00:00:00Z,2025-07-17T00:00:00Z,N,NA,NA
north carolina,1997,1,1971-07-21T00:00:00Z,1973-03-28T00:00:00Z,Y,1979-01-01T00:00:00Z,NA
north dakota,1997,0,1971-03-27T00:00:00Z,1995-01-01T00:00:00Z,N,NA,NA
ohio,1997,1,1975-08-25T00:00:00Z,2025-07-17T00:00:00Z,N,NA,"Amendments added in March 15, 1979 and only regulates long-term care now"
oklahoma,1997,1,1971-04-08T00:00:00Z,2025-07-17T00:00:00Z,N,NA,"Repealed CON for Psychiatric and Chemical Dependency Facilities passed in 1989 on May 6, 2024"
oregon,1997,1,1971-07-01T00:00:00Z,2025-07-17T00:00:00Z,N,NA,NA
pennsylvania,1997,0,1979-10-01T00:00:00Z,1996-12-31T00:00:00Z,N,NA,"Original expiration date was December 31, 1992 but legislature extended law by 4-years"
rhode island,1997,1,1969-01-01T00:00:00Z,2025-07-17T00:00:00Z,N,NA,NA
south carolina,1997,1,1971-06-03T00:00:00Z,2025-07-17T00:00:00Z,N,NA,"CON laws subject to review January, 2027"
south dakota,1997,0,1972-02-09T00:00:00Z,1988-01-01T00:00:00Z,N,NA,NA
tennessee,1997,1,1973-07-01T00:00:00Z,2025-07-17T00:00:00Z,N,NA,NA
texas,1997,0,1971-05-26T00:00:00Z,1985-01-01T00:00:00Z,N,NA,NA
utah,1997,0,1979-05-08T00:00:00Z,1984-12-31T00:00:00Z,N,NA,NA
vermont,1997,1,1979-05-08T00:00:00Z,2025-07-17T00:00:00Z,N,NA,NA
virginia,1997,1,1973-03-09T00:00:00Z,2025-07-17T00:00:00Z,N,NA,NA
washington,1997,1,1979-05-11T00:00:00Z,2025-07-17T00:00:00Z,N,NA,NA
west virginia,1997,1,1977-07-08T00:00:00Z,2025-07-17T00:00:00Z,N,NA,NA
wisconsin,1997,1,1977-01-01T00:00:00Z,1987-08-06T00:00:00Z,Y,1992-05-12T00:00:00Z,"Reenacted approval process, “quasi-CON”"
wyoming,1997,1,1977-05-27T00:00:00Z,2025-07-17T00:00:00Z,N,NA,"Repealed CON in March 13, 1987, except for nursing homes"
alabama,1998,1,1979-07-30T00:00:00Z,2025-07-17T00:00:00Z,N,NA,NA
alaska,1998,1,1976-07-01T00:00:00Z,2025-07-17T00:00:00Z,N,NA,NA
arizona,1998,0,1975-06-12T00:00:00Z,1985-03-15T00:00:00Z,N,NA,Certificate of Necessity for ambulances passed in 1993
arkansas,1998,1,1975-03-25T00:00:00Z,1987-01-01T00:00:00Z,Y,1987-01-01T00:00:00Z,"Reinstated Permit of Approval program, more relaxed CON law"
california,1998,0,1976-09-09T00:00:00Z,1987-01-01T00:00:00Z,N,NA,NA
colorado,1998,0,1973-05-30T00:00:00Z,1987-07-01T00:00:00Z,N,NA,NA
connecticut,1998,1,1973-07-01T00:00:00Z,2025-07-17T00:00:00Z,N,NA,"CON for Long Term Care Facilities became effective July 1, 1993"
delaware,1998,1,1978-06-30T00:00:00Z,2025-07-17T00:00:00Z,N,NA,NA
florida,1998,1,1973-07-01T00:00:00Z,2025-07-17T00:00:00Z,N,NA,NA
georgia,1998,1,1979-07-01T00:00:00Z,2025-07-17T00:00:00Z,N,NA,NA
hawaii,1998,1,1975-07-01T00:00:00Z,2025-07-17T00:00:00Z,N,NA,NA
idaho,1998,0,1980-03-20T00:00:00Z,1983-07-01T00:00:00Z,N,NA,CON expired in 1983 but repealed in 2004
illinois,1998,1,1974-07-01T00:00:00Z,2025-07-17T00:00:00Z,N,NA,"CON laws subject to review December 31st, 2029"
indiana,1998,1,1980-01-01T00:00:00Z,1999-01-01T00:00:00Z,Y,2019-01-01T00:00:00Z,No CON laws in 1996; 2018 CON law only applies to nursing homes
iowa,1998,1,1978-07-01T00:00:00Z,2025-07-17T00:00:00Z,N,NA,NA
kansas,1998,0,1972-03-21T00:00:00Z,1985-04-23T00:00:00Z,N,NA,NA
kentucky,1998,1,1972-07-01T00:00:00Z,2025-07-17T00:00:00Z,N,NA,NA
louisiana,1998,1,1990-07-06T00:00:00Z,2025-07-17T00:00:00Z,N,NA,NA
maine,1998,1,1978-03-30T00:00:00Z,2025-07-17T00:00:00Z,N,NA,NA
maryland,1998,1,1968-01-01T00:00:00Z,2025-07-17T00:00:00Z,N,NA,NA
massachusetts,1998,1,1972-06-01T00:00:00Z,2025-07-17T00:00:00Z,N,NA,NA
michigan,1998,1,1972-08-08T00:00:00Z,2025-07-17T00:00:00Z,N,NA,NA
minnesota,1998,1,1971-07-01T00:00:00Z,2025-07-17T00:00:00Z,N,NA,"Hospital moratorium from 1984 to June 30, 1987; 2004 public review"
mississippi,1998,1,1979-07-01T00:00:00Z,2025-07-17T00:00:00Z,N,NA,NA
missouri,1998,1,1980-10-01T00:00:00Z,2025-07-17T00:00:00Z,N,NA,NA
montana,1998,1,1975-04-16T00:00:00Z,2025-07-17T00:00:00Z,N,NA,"Repealed CON in 2019, generally, except for long-term care facilities"
nebraska,1998,1,1979-05-22T00:00:00Z,2025-07-17T00:00:00Z,N,NA,NA
nevada,1998,1,1972-07-01T00:00:00Z,2025-07-17T00:00:00Z,N,NA,NA
new hampshire,1998,1,1979-07-01T00:00:00Z,2025-07-17T00:00:00Z,N,NA,"Repealed CON June 30, 2016 and immediately implemented quasi-CON July 1, 2016"
new jersey,1998,1,1971-05-10T00:00:00Z,2025-07-17T00:00:00Z,N,NA,NA
new mexico,1998,0,1978-03-06T00:00:00Z,1981-01-01T00:00:00Z,N,NA,"Repealed CON, except for ambulance services"
new york,1998,1,1964-10-01T00:00:00Z,2025-07-17T00:00:00Z,N,NA,NA
north carolina,1998,1,1971-07-21T00:00:00Z,1973-03-28T00:00:00Z,Y,1979-01-01T00:00:00Z,NA
north dakota,1998,0,1971-03-27T00:00:00Z,1995-01-01T00:00:00Z,N,NA,NA
ohio,1998,1,1975-08-25T00:00:00Z,2025-07-17T00:00:00Z,N,NA,"Amendments added in March 15, 1979 and only regulates long-term care now"
oklahoma,1998,1,1971-04-08T00:00:00Z,2025-07-17T00:00:00Z,N,NA,"Repealed CON for Psychiatric and Chemical Dependency Facilities passed in 1989 on May 6, 2024"
oregon,1998,1,1971-07-01T00:00:00Z,2025-07-17T00:00:00Z,N,NA,NA
pennsylvania,1998,0,1979-10-01T00:00:00Z,1996-12-31T00:00:00Z,N,NA,"Original expiration date was December 31, 1992 but legislature extended law by 4-years"
rhode island,1998,1,1969-01-01T00:00:00Z,2025-07-17T00:00:00Z,N,NA,NA
south carolina,1998,1,1971-06-03T00:00:00Z,2025-07-17T00:00:00Z,N,NA,"CON laws subject to review January, 2027"
south dakota,1998,0,1972-02-09T00:00:00Z,1988-01-01T00:00:00Z,N,NA,NA
tennessee,1998,1,1973-07-01T00:00:00Z,2025-07-17T00:00:00Z,N,NA,NA
texas,1998,0,1971-05-26T00:00:00Z,1985-01-01T00:00:00Z,N,NA,NA
utah,1998,0,1979-05-08T00:00:00Z,1984-12-31T00:00:00Z,N,NA,NA
vermont,1998,1,1979-05-08T00:00:00Z,2025-07-17T00:00:00Z,N,NA,NA
virginia,1998,1,1973-03-09T00:00:00Z,2025-07-17T00:00:00Z,N,NA,NA
washington,1998,1,1979-05-11T00:00:00Z,2025-07-17T00:00:00Z,N,NA,NA
west virginia,1998,1,1977-07-08T00:00:00Z,2025-07-17T00:00:00Z,N,NA,NA
wisconsin,1998,1,1977-01-01T00:00:00Z,1987-08-06T00:00:00Z,Y,1992-05-12T00:00:00Z,"Reenacted approval process, “quasi-CON”"
wyoming,1998,1,1977-05-27T00:00:00Z,2025-07-17T00:00:00Z,N,NA,"Repealed CON in March 13, 1987, except for nursing homes"
alabama,1999,1,1979-07-30T00:00:00Z,2025-07-17T00:00:00Z,N,NA,NA
alaska,1999,1,1976-07-01T00:00:00Z,2025-07-17T00:00:00Z,N,NA,NA
arizona,1999,0,1975-06-12T00:00:00Z,1985-03-15T00:00:00Z,N,NA,Certificate of Necessity for ambulances passed in 1993
arkansas,1999,1,1975-03-25T00:00:00Z,1987-01-01T00:00:00Z,Y,1987-01-01T00:00:00Z,"Reinstated Permit of Approval program, more relaxed CON law"
california,1999,0,1976-09-09T00:00:00Z,1987-01-01T00:00:00Z,N,NA,NA
colorado,1999,0,1973-05-30T00:00:00Z,1987-07-01T00:00:00Z,N,NA,NA
connecticut,1999,1,1973-07-01T00:00:00Z,2025-07-17T00:00:00Z,N,NA,"CON for Long Term Care Facilities became effective July 1, 1993"
delaware,1999,1,1978-06-30T00:00:00Z,2025-07-17T00:00:00Z,N,NA,NA
florida,1999,1,1973-07-01T00:00:00Z,2025-07-17T00:00:00Z,N,NA,NA
georgia,1999,1,1979-07-01T00:00:00Z,2025-07-17T00:00:00Z,N,NA,NA
hawaii,1999,1,1975-07-01T00:00:00Z,2025-07-17T00:00:00Z,N,NA,NA
idaho,1999,0,1980-03-20T00:00:00Z,1983-07-01T00:00:00Z,N,NA,CON expired in 1983 but repealed in 2004
illinois,1999,1,1974-07-01T00:00:00Z,2025-07-17T00:00:00Z,N,NA,"CON laws subject to review December 31st, 2029"
indiana,1999,0,1980-01-01T00:00:00Z,1999-01-01T00:00:00Z,Y,2019-01-01T00:00:00Z,No CON laws in 1996; 2018 CON law only applies to nursing homes
iowa,1999,1,1978-07-01T00:00:00Z,2025-07-17T00:00:00Z,N,NA,NA
kansas,1999,0,1972-03-21T00:00:00Z,1985-04-23T00:00:00Z,N,NA,NA
kentucky,1999,1,1972-07-01T00:00:00Z,2025-07-17T00:00:00Z,N,NA,NA
louisiana,1999,1,1990-07-06T00:00:00Z,2025-07-17T00:00:00Z,N,NA,NA
maine,1999,1,1978-03-30T00:00:00Z,2025-07-17T00:00:00Z,N,NA,NA
maryland,1999,1,1968-01-01T00:00:00Z,2025-07-17T00:00:00Z,N,NA,NA
massachusetts,1999,1,1972-06-01T00:00:00Z,2025-07-17T00:00:00Z,N,NA,NA
michigan,1999,1,1972-08-08T00:00:00Z,2025-07-17T00:00:00Z,N,NA,NA
minnesota,1999,1,1971-07-01T00:00:00Z,2025-07-17T00:00:00Z,N,NA,"Hospital moratorium from 1984 to June 30, 1987; 2004 public review"
mississippi,1999,1,1979-07-01T00:00:00Z,2025-07-17T00:00:00Z,N,NA,NA
missouri,1999,1,1980-10-01T00:00:00Z,2025-07-17T00:00:00Z,N,NA,NA
montana,1999,1,1975-04-16T00:00:00Z,2025-07-17T00:00:00Z,N,NA,"Repealed CON in 2019, generally, except for long-term care facilities"
nebraska,1999,1,1979-05-22T00:00:00Z,2025-07-17T00:00:00Z,N,NA,NA
nevada,1999,1,1972-07-01T00:00:00Z,2025-07-17T00:00:00Z,N,NA,NA
new hampshire,1999,1,1979-07-01T00:00:00Z,2025-07-17T00:00:00Z,N,NA,"Repealed CON June 30, 2016 and immediately implemented quasi-CON July 1, 2016"
new jersey,1999,1,1971-05-10T00:00:00Z,2025-07-17T00:00:00Z,N,NA,NA
new mexico,1999,0,1978-03-06T00:00:00Z,1981-01-01T00:00:00Z,N,NA,"Repealed CON, except for ambulance services"
new york,1999,1,1964-10-01T00:00:00Z,2025-07-17T00:00:00Z,N,NA,NA
north carolina,1999,1,1971-07-21T00:00:00Z,1973-03-28T00:00:00Z,Y,1979-01-01T00:00:00Z,NA
north dakota,1999,0,1971-03-27T00:00:00Z,1995-01-01T00:00:00Z,N,NA,NA
ohio,1999,1,1975-08-25T00:00:00Z,2025-07-17T00:00:00Z,N,NA,"Amendments added in March 15, 1979 and only regulates long-term care now"
oklahoma,1999,1,1971-04-08T00:00:00Z,2025-07-17T00:00:00Z,N,NA,"Repealed CON for Psychiatric and Chemical Dependency Facilities passed in 1989 on May 6, 2024"
oregon,1999,1,1971-07-01T00:00:00Z,2025-07-17T00:00:00Z,N,NA,NA
pennsylvania,1999,0,1979-10-01T00:00:00Z,1996-12-31T00:00:00Z,N,NA,"Original expiration date was December 31, 1992 but legislature extended law by 4-years"
rhode island,1999,1,1969-01-01T00:00:00Z,2025-07-17T00:00:00Z,N,NA,NA
south carolina,1999,1,1971-06-03T00:00:00Z,2025-07-17T00:00:00Z,N,NA,"CON laws subject to review January, 2027"
south dakota,1999,0,1972-02-09T00:00:00Z,1988-01-01T00:00:00Z,N,NA,NA
tennessee,1999,1,1973-07-01T00:00:00Z,2025-07-17T00:00:00Z,N,NA,NA
texas,1999,0,1971-05-26T00:00:00Z,1985-01-01T00:00:00Z,N,NA,NA
utah,1999,0,1979-05-08T00:00:00Z,1984-12-31T00:00:00Z,N,NA,NA
vermont,1999,1,1979-05-08T00:00:00Z,2025-07-17T00:00:00Z,N,NA,NA
virginia,1999,1,1973-03-09T00:00:00Z,2025-07-17T00:00:00Z,N,NA,NA
washington,1999,1,1979-05-11T00:00:00Z,2025-07-17T00:00:00Z,N,NA,NA
west virginia,1999,1,1977-07-08T00:00:00Z,2025-07-17T00:00:00Z,N,NA,NA
wisconsin,1999,1,1977-01-01T00:00:00Z,1987-08-06T00:00:00Z,Y,1992-05-12T00:00:00Z,"Reenacted approval process, “quasi-CON”"
wyoming,1999,1,1977-05-27T00:00:00Z,2025-07-17T00:00:00Z,N,NA,"Repealed CON in March 13, 1987, except for nursing homes"
alabama,2000,1,1979-07-30T00:00:00Z,2025-07-17T00:00:00Z,N,NA,NA
alaska,2000,1,1976-07-01T00:00:00Z,2025-07-17T00:00:00Z,N,NA,NA
arizona,2000,0,1975-06-12T00:00:00Z,1985-03-15T00:00:00Z,N,NA,Certificate of Necessity for ambulances passed in 1993
arkansas,2000,1,1975-03-25T00:00:00Z,1987-01-01T00:00:00Z,Y,1987-01-01T00:00:00Z,"Reinstated Permit of Approval program, more relaxed CON law"
california,2000,0,1976-09-09T00:00:00Z,1987-01-01T00:00:00Z,N,NA,NA
colorado,2000,0,1973-05-30T00:00:00Z,1987-07-01T00:00:00Z,N,NA,NA
connecticut,2000,1,1973-07-01T00:00:00Z,2025-07-17T00:00:00Z,N,NA,"CON for Long Term Care Facilities became effective July 1, 1993"
delaware,2000,1,1978-06-30T00:00:00Z,2025-07-17T00:00:00Z,N,NA,NA
florida,2000,1,1973-07-01T00:00:00Z,2025-07-17T00:00:00Z,N,NA,NA
georgia,2000,1,1979-07-01T00:00:00Z,2025-07-17T00:00:00Z,N,NA,NA
hawaii,2000,1,1975-07-01T00:00:00Z,2025-07-17T00:00:00Z,N,NA,NA
idaho,2000,0,1980-03-20T00:00:00Z,1983-07-01T00:00:00Z,N,NA,CON expired in 1983 but repealed in 2004
illinois,2000,1,1974-07-01T00:00:00Z,2025-07-17T00:00:00Z,N,NA,"CON laws subject to review December 31st, 2029"
indiana,2000,0,1980-01-01T00:00:00Z,1999-01-01T00:00:00Z,Y,2019-01-01T00:00:00Z,No CON laws in 1996; 2018 CON law only applies to nursing homes
iowa,2000,1,1978-07-01T00:00:00Z,2025-07-17T00:00:00Z,N,NA,NA
kansas,2000,0,1972-03-21T00:00:00Z,1985-04-23T00:00:00Z,N,NA,NA
kentucky,2000,1,1972-07-01T00:00:00Z,2025-07-17T00:00:00Z,N,NA,NA
louisiana,2000,1,1990-07-06T00:00:00Z,2025-07-17T00:00:00Z,N,NA,NA
maine,2000,1,1978-03-30T00:00:00Z,2025-07-17T00:00:00Z,N,NA,NA
maryland,2000,1,1968-01-01T00:00:00Z,2025-07-17T00:00:00Z,N,NA,NA
massachusetts,2000,1,1972-06-01T00:00:00Z,2025-07-17T00:00:00Z,N,NA,NA
michigan,2000,1,1972-08-08T00:00:00Z,2025-07-17T00:00:00Z,N,NA,NA
minnesota,2000,1,1971-07-01T00:00:00Z,2025-07-17T00:00:00Z,N,NA,"Hospital moratorium from 1984 to June 30, 1987; 2004 public review"
mississippi,2000,1,1979-07-01T00:00:00Z,2025-07-17T00:00:00Z,N,NA,NA
missouri,2000,1,1980-10-01T00:00:00Z,2025-07-17T00:00:00Z,N,NA,NA
montana,2000,1,1975-04-16T00:00:00Z,2025-07-17T00:00:00Z,N,NA,"Repealed CON in 2019, generally, except for long-term care facilities"
nebraska,2000,1,1979-05-22T00:00:00Z,2025-07-17T00:00:00Z,N,NA,NA
nevada,2000,1,1972-07-01T00:00:00Z,2025-07-17T00:00:00Z,N,NA,NA
new hampshire,2000,1,1979-07-01T00:00:00Z,2025-07-17T00:00:00Z,N,NA,"Repealed CON June 30, 2016 and immediately implemented quasi-CON July 1, 2016"
new jersey,2000,1,1971-05-10T00:00:00Z,2025-07-17T00:00:00Z,N,NA,NA
new mexico,2000,0,1978-03-06T00:00:00Z,1981-01-01T00:00:00Z,N,NA,"Repealed CON, except for ambulance services"
new york,2000,1,1964-10-01T00:00:00Z,2025-07-17T00:00:00Z,N,NA,NA
north carolina,2000,1,1971-07-21T00:00:00Z,1973-03-28T00:00:00Z,Y,1979-01-01T00:00:00Z,NA
north dakota,2000,0,1971-03-27T00:00:00Z,1995-01-01T00:00:00Z,N,NA,NA
ohio,2000,1,1975-08-25T00:00:00Z,2025-07-17T00:00:00Z,N,NA,"Amendments added in March 15, 1979 and only regulates long-term care now"
oklahoma,2000,1,1971-04-08T00:00:00Z,2025-07-17T00:00:00Z,N,NA,"Repealed CON for Psychiatric and Chemical Dependency Facilities passed in 1989 on May 6, 2024"
oregon,2000,1,1971-07-01T00:00:00Z,2025-07-17T00:00:00Z,N,NA,NA
pennsylvania,2000,0,1979-10-01T00:00:00Z,1996-12-31T00:00:00Z,N,NA,"Original expiration date was December 31, 1992 but legislature extended law by 4-years"
rhode island,2000,1,1969-01-01T00:00:00Z,2025-07-17T00:00:00Z,N,NA,NA
south carolina,2000,1,1971-06-03T00:00:00Z,2025-07-17T00:00:00Z,N,NA,"CON laws subject to review January, 2027"
south dakota,2000,0,1972-02-09T00:00:00Z,1988-01-01T00:00:00Z,N,NA,NA
tennessee,2000,1,1973-07-01T00:00:00Z,2025-07-17T00:00:00Z,N,NA,NA
texas,2000,0,1971-05-26T00:00:00Z,1985-01-01T00:00:00Z,N,NA,NA
utah,2000,0,1979-05-08T00:00:00Z,1984-12-31T00:00:00Z,N,NA,NA
vermont,2000,1,1979-05-08T00:00:00Z,2025-07-17T00:00:00Z,N,NA,NA
virginia,2000,1,1973-03-09T00:00:00Z,2025-07-17T00:00:00Z,N,NA,NA
washington,2000,1,1979-05-11T00:00:00Z,2025-07-17T00:00:00Z,N,NA,NA
west virginia,2000,1,1977-07-08T00:00:00Z,2025-07-17T00:00:00Z,N,NA,NA
wisconsin,2000,1,1977-01-01T00:00:00Z,1987-08-06T00:00:00Z,Y,1992-05-12T00:00:00Z,"Reenacted approval process, “quasi-CON”"
wyoming,2000,1,1977-05-27T00:00:00Z,2025-07-17T00:00:00Z,N,NA,"Repealed CON in March 13, 1987, except for nursing homes"
alabama,2001,1,1979-07-30T00:00:00Z,2025-07-17T00:00:00Z,N,NA,NA
alaska,2001,1,1976-07-01T00:00:00Z,2025-07-17T00:00:00Z,N,NA,NA
arizona,2001,0,1975-06-12T00:00:00Z,1985-03-15T00:00:00Z,N,NA,Certificate of Necessity for ambulances passed in 1993
arkansas,2001,1,1975-03-25T00:00:00Z,1987-01-01T00:00:00Z,Y,1987-01-01T00:00:00Z,"Reinstated Permit of Approval program, more relaxed CON law"
california,2001,0,1976-09-09T00:00:00Z,1987-01-01T00:00:00Z,N,NA,NA
colorado,2001,0,1973-05-30T00:00:00Z,1987-07-01T00:00:00Z,N,NA,NA
connecticut,2001,1,1973-07-01T00:00:00Z,2025-07-17T00:00:00Z,N,NA,"CON for Long Term Care Facilities became effective July 1, 1993"
delaware,2001,1,1978-06-30T00:00:00Z,2025-07-17T00:00:00Z,N,NA,NA
florida,2001,1,1973-07-01T00:00:00Z,2025-07-17T00:00:00Z,N,NA,NA
georgia,2001,1,1979-07-01T00:00:00Z,2025-07-17T00:00:00Z,N,NA,NA
hawaii,2001,1,1975-07-01T00:00:00Z,2025-07-17T00:00:00Z,N,NA,NA
idaho,2001,0,1980-03-20T00:00:00Z,1983-07-01T00:00:00Z,N,NA,CON expired in 1983 but repealed in 2004
illinois,2001,1,1974-07-01T00:00:00Z,2025-07-17T00:00:00Z,N,NA,"CON laws subject to review December 31st, 2029"
indiana,2001,0,1980-01-01T00:00:00Z,1999-01-01T00:00:00Z,Y,2019-01-01T00:00:00Z,No CON laws in 1996; 2018 CON law only applies to nursing homes
iowa,2001,1,1978-07-01T00:00:00Z,2025-07-17T00:00:00Z,N,NA,NA
kansas,2001,0,1972-03-21T00:00:00Z,1985-04-23T00:00:00Z,N,NA,NA
kentucky,2001,1,1972-07-01T00:00:00Z,2025-07-17T00:00:00Z,N,NA,NA
louisiana,2001,1,1990-07-06T00:00:00Z,2025-07-17T00:00:00Z,N,NA,NA
maine,2001,1,1978-03-30T00:00:00Z,2025-07-17T00:00:00Z,N,NA,NA
maryland,2001,1,1968-01-01T00:00:00Z,2025-07-17T00:00:00Z,N,NA,NA
massachusetts,2001,1,1972-06-01T00:00:00Z,2025-07-17T00:00:00Z,N,NA,NA
michigan,2001,1,1972-08-08T00:00:00Z,2025-07-17T00:00:00Z,N,NA,NA
minnesota,2001,1,1971-07-01T00:00:00Z,2025-07-17T00:00:00Z,N,NA,"Hospital moratorium from 1984 to June 30, 1987; 2004 public review"
mississippi,2001,1,1979-07-01T00:00:00Z,2025-07-17T00:00:00Z,N,NA,NA
missouri,2001,1,1980-10-01T00:00:00Z,2025-07-17T00:00:00Z,N,NA,NA
montana,2001,1,1975-04-16T00:00:00Z,2025-07-17T00:00:00Z,N,NA,"Repealed CON in 2019, generally, except for long-term care facilities"
nebraska,2001,1,1979-05-22T00:00:00Z,2025-07-17T00:00:00Z,N,NA,NA
nevada,2001,1,1972-07-01T00:00:00Z,2025-07-17T00:00:00Z,N,NA,NA
new hampshire,2001,1,1979-07-01T00:00:00Z,2025-07-17T00:00:00Z,N,NA,"Repealed CON June 30, 2016 and immediately implemented quasi-CON July 1, 2016"
new jersey,2001,1,1971-05-10T00:00:00Z,2025-07-17T00:00:00Z,N,NA,NA
new mexico,2001,0,1978-03-06T00:00:00Z,1981-01-01T00:00:00Z,N,NA,"Repealed CON, except for ambulance services"
new york,2001,1,1964-10-01T00:00:00Z,2025-07-17T00:00:00Z,N,NA,NA
north carolina,2001,1,1971-07-21T00:00:00Z,1973-03-28T00:00:00Z,Y,1979-01-01T00:00:00Z,NA
north dakota,2001,0,1971-03-27T00:00:00Z,1995-01-01T00:00:00Z,N,NA,NA
ohio,2001,1,1975-08-25T00:00:00Z,2025-07-17T00:00:00Z,N,NA,"Amendments added in March 15, 1979 and only regulates long-term care now"
oklahoma,2001,1,1971-04-08T00:00:00Z,2025-07-17T00:00:00Z,N,NA,"Repealed CON for Psychiatric and Chemical Dependency Facilities passed in 1989 on May 6, 2024"
oregon,2001,1,1971-07-01T00:00:00Z,2025-07-17T00:00:00Z,N,NA,NA
pennsylvania,2001,0,1979-10-01T00:00:00Z,1996-12-31T00:00:00Z,N,NA,"Original expiration date was December 31, 1992 but legislature extended law by 4-years"
rhode island,2001,1,1969-01-01T00:00:00Z,2025-07-17T00:00:00Z,N,NA,NA
south carolina,2001,1,1971-06-03T00:00:00Z,2025-07-17T00:00:00Z,N,NA,"CON laws subject to review January, 2027"
south dakota,2001,0,1972-02-09T00:00:00Z,1988-01-01T00:00:00Z,N,NA,NA
tennessee,2001,1,1973-07-01T00:00:00Z,2025-07-17T00:00:00Z,N,NA,NA
texas,2001,0,1971-05-26T00:00:00Z,1985-01-01T00:00:00Z,N,NA,NA
utah,2001,0,1979-05-08T00:00:00Z,1984-12-31T00:00:00Z,N,NA,NA
vermont,2001,1,1979-05-08T00:00:00Z,2025-07-17T00:00:00Z,N,NA,NA
virginia,2001,1,1973-03-09T00:00:00Z,2025-07-17T00:00:00Z,N,NA,NA
washington,2001,1,1979-05-11T00:00:00Z,2025-07-17T00:00:00Z,N,NA,NA
west virginia,2001,1,1977-07-08T00:00:00Z,2025-07-17T00:00:00Z,N,NA,NA
wisconsin,2001,1,1977-01-01T00:00:00Z,1987-08-06T00:00:00Z,Y,1992-05-12T00:00:00Z,"Reenacted approval process, “quasi-CON”"
wyoming,2001,1,1977-05-27T00:00:00Z,2025-07-17T00:00:00Z,N,NA,"Repealed CON in March 13, 1987, except for nursing homes"
alabama,2002,1,1979-07-30T00:00:00Z,2025-07-17T00:00:00Z,N,NA,NA
alaska,2002,1,1976-07-01T00:00:00Z,2025-07-17T00:00:00Z,N,NA,NA
arizona,2002,0,1975-06-12T00:00:00Z,1985-03-15T00:00:00Z,N,NA,Certificate of Necessity for ambulances passed in 1993
arkansas,2002,1,1975-03-25T00:00:00Z,1987-01-01T00:00:00Z,Y,1987-01-01T00:00:00Z,"Reinstated Permit of Approval program, more relaxed CON law"
california,2002,0,1976-09-09T00:00:00Z,1987-01-01T00:00:00Z,N,NA,NA
colorado,2002,0,1973-05-30T00:00:00Z,1987-07-01T00:00:00Z,N,NA,NA
connecticut,2002,1,1973-07-01T00:00:00Z,2025-07-17T00:00:00Z,N,NA,"CON for Long Term Care Facilities became effective July 1, 1993"
delaware,2002,1,1978-06-30T00:00:00Z,2025-07-17T00:00:00Z,N,NA,NA
florida,2002,1,1973-07-01T00:00:00Z,2025-07-17T00:00:00Z,N,NA,NA
georgia,2002,1,1979-07-01T00:00:00Z,2025-07-17T00:00:00Z,N,NA,NA
hawaii,2002,1,1975-07-01T00:00:00Z,2025-07-17T00:00:00Z,N,NA,NA
idaho,2002,0,1980-03-20T00:00:00Z,1983-07-01T00:00:00Z,N,NA,CON expired in 1983 but repealed in 2004
illinois,2002,1,1974-07-01T00:00:00Z,2025-07-17T00:00:00Z,N,NA,"CON laws subject to review December 31st, 2029"
indiana,2002,0,1980-01-01T00:00:00Z,1999-01-01T00:00:00Z,Y,2019-01-01T00:00:00Z,No CON laws in 1996; 2018 CON law only applies to nursing homes
iowa,2002,1,1978-07-01T00:00:00Z,2025-07-17T00:00:00Z,N,NA,NA
kansas,2002,0,1972-03-21T00:00:00Z,1985-04-23T00:00:00Z,N,NA,NA
kentucky,2002,1,1972-07-01T00:00:00Z,2025-07-17T00:00:00Z,N,NA,NA
louisiana,2002,1,1990-07-06T00:00:00Z,2025-07-17T00:00:00Z,N,NA,NA
maine,2002,1,1978-03-30T00:00:00Z,2025-07-17T00:00:00Z,N,NA,NA
maryland,2002,1,1968-01-01T00:00:00Z,2025-07-17T00:00:00Z,N,NA,NA
massachusetts,2002,1,1972-06-01T00:00:00Z,2025-07-17T00:00:00Z,N,NA,NA
michigan,2002,1,1972-08-08T00:00:00Z,2025-07-17T00:00:00Z,N,NA,NA
minnesota,2002,1,1971-07-01T00:00:00Z,2025-07-17T00:00:00Z,N,NA,"Hospital moratorium from 1984 to June 30, 1987; 2004 public review"
mississippi,2002,1,1979-07-01T00:00:00Z,2025-07-17T00:00:00Z,N,NA,NA
missouri,2002,1,1980-10-01T00:00:00Z,2025-07-17T00:00:00Z,N,NA,NA
montana,2002,1,1975-04-16T00:00:00Z,2025-07-17T00:00:00Z,N,NA,"Repealed CON in 2019, generally, except for long-term care facilities"
nebraska,2002,1,1979-05-22T00:00:00Z,2025-07-17T00:00:00Z,N,NA,NA
nevada,2002,1,1972-07-01T00:00:00Z,2025-07-17T00:00:00Z,N,NA,NA
new hampshire,2002,1,1979-07-01T00:00:00Z,2025-07-17T00:00:00Z,N,NA,"Repealed CON June 30, 2016 and immediately implemented quasi-CON July 1, 2016"
new jersey,2002,1,1971-05-10T00:00:00Z,2025-07-17T00:00:00Z,N,NA,NA
new mexico,2002,0,1978-03-06T00:00:00Z,1981-01-01T00:00:00Z,N,NA,"Repealed CON, except for ambulance services"
new york,2002,1,1964-10-01T00:00:00Z,2025-07-17T00:00:00Z,N,NA,NA
north carolina,2002,1,1971-07-21T00:00:00Z,1973-03-28T00:00:00Z,Y,1979-01-01T00:00:00Z,NA
north dakota,2002,0,1971-03-27T00:00:00Z,1995-01-01T00:00:00Z,N,NA,NA
ohio,2002,1,1975-08-25T00:00:00Z,2025-07-17T00:00:00Z,N,NA,"Amendments added in March 15, 1979 and only regulates long-term care now"
oklahoma,2002,1,1971-04-08T00:00:00Z,2025-07-17T00:00:00Z,N,NA,"Repealed CON for Psychiatric and Chemical Dependency Facilities passed in 1989 on May 6, 2024"
oregon,2002,1,1971-07-01T00:00:00Z,2025-07-17T00:00:00Z,N,NA,NA
pennsylvania,2002,0,1979-10-01T00:00:00Z,1996-12-31T00:00:00Z,N,NA,"Original expiration date was December 31, 1992 but legislature extended law by 4-years"
rhode island,2002,1,1969-01-01T00:00:00Z,2025-07-17T00:00:00Z,N,NA,NA
south carolina,2002,1,1971-06-03T00:00:00Z,2025-07-17T00:00:00Z,N,NA,"CON laws subject to review January, 2027"
south dakota,2002,0,1972-02-09T00:00:00Z,1988-01-01T00:00:00Z,N,NA,NA
tennessee,2002,1,1973-07-01T00:00:00Z,2025-07-17T00:00:00Z,N,NA,NA
texas,2002,0,1971-05-26T00:00:00Z,1985-01-01T00:00:00Z,N,NA,NA
utah,2002,0,1979-05-08T00:00:00Z,1984-12-31T00:00:00Z,N,NA,NA
vermont,2002,1,1979-05-08T00:00:00Z,2025-07-17T00:00:00Z,N,NA,NA
virginia,2002,1,1973-03-09T00:00:00Z,2025-07-17T00:00:00Z,N,NA,NA
washington,2002,1,1979-05-11T00:00:00Z,2025-07-17T00:00:00Z,N,NA,NA
west virginia,2002,1,1977-07-08T00:00:00Z,2025-07-17T00:00:00Z,N,NA,NA
wisconsin,2002,1,1977-01-01T00:00:00Z,1987-08-06T00:00:00Z,Y,1992-05-12T00:00:00Z,"Reenacted approval process, “quasi-CON”"
wyoming,2002,1,1977-05-27T00:00:00Z,2025-07-17T00:00:00Z,N,NA,"Repealed CON in March 13, 1987, except for nursing homes"
alabama,2003,1,1979-07-30T00:00:00Z,2025-07-17T00:00:00Z,N,NA,NA
alaska,2003,1,1976-07-01T00:00:00Z,2025-07-17T00:00:00Z,N,NA,NA
arizona,2003,0,1975-06-12T00:00:00Z,1985-03-15T00:00:00Z,N,NA,Certificate of Necessity for ambulances passed in 1993
arkansas,2003,1,1975-03-25T00:00:00Z,1987-01-01T00:00:00Z,Y,1987-01-01T00:00:00Z,"Reinstated Permit of Approval program, more relaxed CON law"
california,2003,0,1976-09-09T00:00:00Z,1987-01-01T00:00:00Z,N,NA,NA
colorado,2003,0,1973-05-30T00:00:00Z,1987-07-01T00:00:00Z,N,NA,NA
connecticut,2003,1,1973-07-01T00:00:00Z,2025-07-17T00:00:00Z,N,NA,"CON for Long Term Care Facilities became effective July 1, 1993"
delaware,2003,1,1978-06-30T00:00:00Z,2025-07-17T00:00:00Z,N,NA,NA
florida,2003,1,1973-07-01T00:00:00Z,2025-07-17T00:00:00Z,N,NA,NA
georgia,2003,1,1979-07-01T00:00:00Z,2025-07-17T00:00:00Z,N,NA,NA
hawaii,2003,1,1975-07-01T00:00:00Z,2025-07-17T00:00:00Z,N,NA,NA
idaho,2003,0,1980-03-20T00:00:00Z,1983-07-01T00:00:00Z,N,NA,CON expired in 1983 but repealed in 2004
illinois,2003,1,1974-07-01T00:00:00Z,2025-07-17T00:00:00Z,N,NA,"CON laws subject to review December 31st, 2029"
indiana,2003,0,1980-01-01T00:00:00Z,1999-01-01T00:00:00Z,Y,2019-01-01T00:00:00Z,No CON laws in 1996; 2018 CON law only applies to nursing homes
iowa,2003,1,1978-07-01T00:00:00Z,2025-07-17T00:00:00Z,N,NA,NA
kansas,2003,0,1972-03-21T00:00:00Z,1985-04-23T00:00:00Z,N,NA,NA
kentucky,2003,1,1972-07-01T00:00:00Z,2025-07-17T00:00:00Z,N,NA,NA
louisiana,2003,1,1990-07-06T00:00:00Z,2025-07-17T00:00:00Z,N,NA,NA
maine,2003,1,1978-03-30T00:00:00Z,2025-07-17T00:00:00Z,N,NA,NA
maryland,2003,1,1968-01-01T00:00:00Z,2025-07-17T00:00:00Z,N,NA,NA
massachusetts,2003,1,1972-06-01T00:00:00Z,2025-07-17T00:00:00Z,N,NA,NA
michigan,2003,1,1972-08-08T00:00:00Z,2025-07-17T00:00:00Z,N,NA,NA
minnesota,2003,1,1971-07-01T00:00:00Z,2025-07-17T00:00:00Z,N,NA,"Hospital moratorium from 1984 to June 30, 1987; 2004 public review"
mississippi,2003,1,1979-07-01T00:00:00Z,2025-07-17T00:00:00Z,N,NA,NA
missouri,2003,1,1980-10-01T00:00:00Z,2025-07-17T00:00:00Z,N,NA,NA
montana,2003,1,1975-04-16T00:00:00Z,2025-07-17T00:00:00Z,N,NA,"Repealed CON in 2019, generally, except for long-term care facilities"
nebraska,2003,1,1979-05-22T00:00:00Z,2025-07-17T00:00:00Z,N,NA,NA
nevada,2003,1,1972-07-01T00:00:00Z,2025-07-17T00:00:00Z,N,NA,NA
new hampshire,2003,1,1979-07-01T00:00:00Z,2025-07-17T00:00:00Z,N,NA,"Repealed CON June 30, 2016 and immediately implemented quasi-CON July 1, 2016"
new jersey,2003,1,1971-05-10T00:00:00Z,2025-07-17T00:00:00Z,N,NA,NA
new mexico,2003,0,1978-03-06T00:00:00Z,1981-01-01T00:00:00Z,N,NA,"Repealed CON, except for ambulance services"
new york,2003,1,1964-10-01T00:00:00Z,2025-07-17T00:00:00Z,N,NA,NA
north carolina,2003,1,1971-07-21T00:00:00Z,1973-03-28T00:00:00Z,Y,1979-01-01T00:00:00Z,NA
north dakota,2003,0,1971-03-27T00:00:00Z,1995-01-01T00:00:00Z,N,NA,NA
ohio,2003,1,1975-08-25T00:00:00Z,2025-07-17T00:00:00Z,N,NA,"Amendments added in March 15, 1979 and only regulates long-term care now"
oklahoma,2003,1,1971-04-08T00:00:00Z,2025-07-17T00:00:00Z,N,NA,"Repealed CON for Psychiatric and Chemical Dependency Facilities passed in 1989 on May 6, 2024"
oregon,2003,1,1971-07-01T00:00:00Z,2025-07-17T00:00:00Z,N,NA,NA
pennsylvania,2003,0,1979-10-01T00:00:00Z,1996-12-31T00:00:00Z,N,NA,"Original expiration date was December 31, 1992 but legislature extended law by 4-years"
rhode island,2003,1,1969-01-01T00:00:00Z,2025-07-17T00:00:00Z,N,NA,NA
south carolina,2003,1,1971-06-03T00:00:00Z,2025-07-17T00:00:00Z,N,NA,"CON laws subject to review January, 2027"
south dakota,2003,0,1972-02-09T00:00:00Z,1988-01-01T00:00:00Z,N,NA,NA
tennessee,2003,1,1973-07-01T00:00:00Z,2025-07-17T00:00:00Z,N,NA,NA
texas,2003,0,1971-05-26T00:00:00Z,1985-01-01T00:00:00Z,N,NA,NA
utah,2003,0,1979-05-08T00:00:00Z,1984-12-31T00:00:00Z,N,NA,NA
vermont,2003,1,1979-05-08T00:00:00Z,2025-07-17T00:00:00Z,N,NA,NA
virginia,2003,1,1973-03-09T00:00:00Z,2025-07-17T00:00:00Z,N,NA,NA
washington,2003,1,1979-05-11T00:00:00Z,2025-07-17T00:00:00Z,N,NA,NA
west virginia,2003,1,1977-07-08T00:00:00Z,2025-07-17T00:00:00Z,N,NA,NA
wisconsin,2003,1,1977-01-01T00:00:00Z,1987-08-06T00:00:00Z,Y,1992-05-12T00:00:00Z,"Reenacted approval process, “quasi-CON”"
wyoming,2003,1,1977-05-27T00:00:00Z,2025-07-17T00:00:00Z,N,NA,"Repealed CON in March 13, 1987, except for nursing homes"
alabama,2004,1,1979-07-30T00:00:00Z,2025-07-17T00:00:00Z,N,NA,NA
alaska,2004,1,1976-07-01T00:00:00Z,2025-07-17T00:00:00Z,N,NA,NA
arizona,2004,0,1975-06-12T00:00:00Z,1985-03-15T00:00:00Z,N,NA,Certificate of Necessity for ambulances passed in 1993
arkansas,2004,1,1975-03-25T00:00:00Z,1987-01-01T00:00:00Z,Y,1987-01-01T00:00:00Z,"Reinstated Permit of Approval program, more relaxed CON law"
california,2004,0,1976-09-09T00:00:00Z,1987-01-01T00:00:00Z,N,NA,NA
colorado,2004,0,1973-05-30T00:00:00Z,1987-07-01T00:00:00Z,N,NA,NA
connecticut,2004,1,1973-07-01T00:00:00Z,2025-07-17T00:00:00Z,N,NA,"CON for Long Term Care Facilities became effective July 1, 1993"
delaware,2004,1,1978-06-30T00:00:00Z,2025-07-17T00:00:00Z,N,NA,NA
florida,2004,1,1973-07-01T00:00:00Z,2025-07-17T00:00:00Z,N,NA,NA
georgia,2004,1,1979-07-01T00:00:00Z,2025-07-17T00:00:00Z,N,NA,NA
hawaii,2004,1,1975-07-01T00:00:00Z,2025-07-17T00:00:00Z,N,NA,NA
idaho,2004,0,1980-03-20T00:00:00Z,1983-07-01T00:00:00Z,N,NA,CON expired in 1983 but repealed in 2004
illinois,2004,1,1974-07-01T00:00:00Z,2025-07-17T00:00:00Z,N,NA,"CON laws subject to review December 31st, 2029"
indiana,2004,0,1980-01-01T00:00:00Z,1999-01-01T00:00:00Z,Y,2019-01-01T00:00:00Z,No CON laws in 1996; 2018 CON law only applies to nursing homes
iowa,2004,1,1978-07-01T00:00:00Z,2025-07-17T00:00:00Z,N,NA,NA
kansas,2004,0,1972-03-21T00:00:00Z,1985-04-23T00:00:00Z,N,NA,NA
kentucky,2004,1,1972-07-01T00:00:00Z,2025-07-17T00:00:00Z,N,NA,NA
louisiana,2004,1,1990-07-06T00:00:00Z,2025-07-17T00:00:00Z,N,NA,NA
maine,2004,1,1978-03-30T00:00:00Z,2025-07-17T00:00:00Z,N,NA,NA
maryland,2004,1,1968-01-01T00:00:00Z,2025-07-17T00:00:00Z,N,NA,NA
massachusetts,2004,1,1972-06-01T00:00:00Z,2025-07-17T00:00:00Z,N,NA,NA
michigan,2004,1,1972-08-08T00:00:00Z,2025-07-17T00:00:00Z,N,NA,NA
minnesota,2004,1,1971-07-01T00:00:00Z,2025-07-17T00:00:00Z,N,NA,"Hospital moratorium from 1984 to June 30, 1987; 2004 public review"
mississippi,2004,1,1979-07-01T00:00:00Z,2025-07-17T00:00:00Z,N,NA,NA
missouri,2004,1,1980-10-01T00:00:00Z,2025-07-17T00:00:00Z,N,NA,NA
montana,2004,1,1975-04-16T00:00:00Z,2025-07-17T00:00:00Z,N,NA,"Repealed CON in 2019, generally, except for long-term care facilities"
nebraska,2004,1,1979-05-22T00:00:00Z,2025-07-17T00:00:00Z,N,NA,NA
nevada,2004,1,1972-07-01T00:00:00Z,2025-07-17T00:00:00Z,N,NA,NA
new hampshire,2004,1,1979-07-01T00:00:00Z,2025-07-17T00:00:00Z,N,NA,"Repealed CON June 30, 2016 and immediately implemented quasi-CON July 1, 2016"
new jersey,2004,1,1971-05-10T00:00:00Z,2025-07-17T00:00:00Z,N,NA,NA
new mexico,2004,0,1978-03-06T00:00:00Z,1981-01-01T00:00:00Z,N,NA,"Repealed CON, except for ambulance services"
new york,2004,1,1964-10-01T00:00:00Z,2025-07-17T00:00:00Z,N,NA,NA
north carolina,2004,1,1971-07-21T00:00:00Z,1973-03-28T00:00:00Z,Y,1979-01-01T00:00:00Z,NA
north dakota,2004,0,1971-03-27T00:00:00Z,1995-01-01T00:00:00Z,N,NA,NA
ohio,2004,1,1975-08-25T00:00:00Z,2025-07-17T00:00:00Z,N,NA,"Amendments added in March 15, 1979 and only regulates long-term care now"
oklahoma,2004,1,1971-04-08T00:00:00Z,2025-07-17T00:00:00Z,N,NA,"Repealed CON for Psychiatric and Chemical Dependency Facilities passed in 1989 on May 6, 2024"
oregon,2004,1,1971-07-01T00:00:00Z,2025-07-17T00:00:00Z,N,NA,NA
pennsylvania,2004,0,1979-10-01T00:00:00Z,1996-12-31T00:00:00Z,N,NA,"Original expiration date was December 31, 1992 but legislature extended law by 4-years"
rhode island,2004,1,1969-01-01T00:00:00Z,2025-07-17T00:00:00Z,N,NA,NA
south carolina,2004,1,1971-06-03T00:00:00Z,2025-07-17T00:00:00Z,N,NA,"CON laws subject to review January, 2027"
south dakota,2004,0,1972-02-09T00:00:00Z,1988-01-01T00:00:00Z,N,NA,NA
tennessee,2004,1,1973-07-01T00:00:00Z,2025-07-17T00:00:00Z,N,NA,NA
texas,2004,0,1971-05-26T00:00:00Z,1985-01-01T00:00:00Z,N,NA,NA
utah,2004,0,1979-05-08T00:00:00Z,1984-12-31T00:00:00Z,N,NA,NA
vermont,2004,1,1979-05-08T00:00:00Z,2025-07-17T00:00:00Z,N,NA,NA
virginia,2004,1,1973-03-09T00:00:00Z,2025-07-17T00:00:00Z,N,NA,NA
washington,2004,1,1979-05-11T00:00:00Z,2025-07-17T00:00:00Z,N,NA,NA
west virginia,2004,1,1977-07-08T00:00:00Z,2025-07-17T00:00:00Z,N,NA,NA
wisconsin,2004,1,1977-01-01T00:00:00Z,1987-08-06T00:00:00Z,Y,1992-05-12T00:00:00Z,"Reenacted approval process, “quasi-CON”"
wyoming,2004,1,1977-05-27T00:00:00Z,2025-07-17T00:00:00Z,N,NA,"Repealed CON in March 13, 1987, except for nursing homes"
alabama,2005,1,1979-07-30T00:00:00Z,2025-07-17T00:00:00Z,N,NA,NA
alaska,2005,1,1976-07-01T00:00:00Z,2025-07-17T00:00:00Z,N,NA,NA
arizona,2005,0,1975-06-12T00:00:00Z,1985-03-15T00:00:00Z,N,NA,Certificate of Necessity for ambulances passed in 1993
arkansas,2005,1,1975-03-25T00:00:00Z,1987-01-01T00:00:00Z,Y,1987-01-01T00:00:00Z,"Reinstated Permit of Approval program, more relaxed CON law"
california,2005,0,1976-09-09T00:00:00Z,1987-01-01T00:00:00Z,N,NA,NA
colorado,2005,0,1973-05-30T00:00:00Z,1987-07-01T00:00:00Z,N,NA,NA
connecticut,2005,1,1973-07-01T00:00:00Z,2025-07-17T00:00:00Z,N,NA,"CON for Long Term Care Facilities became effective July 1, 1993"
delaware,2005,1,1978-06-30T00:00:00Z,2025-07-17T00:00:00Z,N,NA,NA
florida,2005,1,1973-07-01T00:00:00Z,2025-07-17T00:00:00Z,N,NA,NA
georgia,2005,1,1979-07-01T00:00:00Z,2025-07-17T00:00:00Z,N,NA,NA
hawaii,2005,1,1975-07-01T00:00:00Z,2025-07-17T00:00:00Z,N,NA,NA
idaho,2005,0,1980-03-20T00:00:00Z,1983-07-01T00:00:00Z,N,NA,CON expired in 1983 but repealed in 2004
illinois,2005,1,1974-07-01T00:00:00Z,2025-07-17T00:00:00Z,N,NA,"CON laws subject to review December 31st, 2029"
indiana,2005,0,1980-01-01T00:00:00Z,1999-01-01T00:00:00Z,Y,2019-01-01T00:00:00Z,No CON laws in 1996; 2018 CON law only applies to nursing homes
iowa,2005,1,1978-07-01T00:00:00Z,2025-07-17T00:00:00Z,N,NA,NA
kansas,2005,0,1972-03-21T00:00:00Z,1985-04-23T00:00:00Z,N,NA,NA
kentucky,2005,1,1972-07-01T00:00:00Z,2025-07-17T00:00:00Z,N,NA,NA
louisiana,2005,1,1990-07-06T00:00:00Z,2025-07-17T00:00:00Z,N,NA,NA
maine,2005,1,1978-03-30T00:00:00Z,2025-07-17T00:00:00Z,N,NA,NA
maryland,2005,1,1968-01-01T00:00:00Z,2025-07-17T00:00:00Z,N,NA,NA
massachusetts,2005,1,1972-06-01T00:00:00Z,2025-07-17T00:00:00Z,N,NA,NA
michigan,2005,1,1972-08-08T00:00:00Z,2025-07-17T00:00:00Z,N,NA,NA
minnesota,2005,1,1971-07-01T00:00:00Z,2025-07-17T00:00:00Z,N,NA,"Hospital moratorium from 1984 to June 30, 1987; 2004 public review"
mississippi,2005,1,1979-07-01T00:00:00Z,2025-07-17T00:00:00Z,N,NA,NA
missouri,2005,1,1980-10-01T00:00:00Z,2025-07-17T00:00:00Z,N,NA,NA
montana,2005,1,1975-04-16T00:00:00Z,2025-07-17T00:00:00Z,N,NA,"Repealed CON in 2019, generally, except for long-term care facilities"
nebraska,2005,1,1979-05-22T00:00:00Z,2025-07-17T00:00:00Z,N,NA,NA
nevada,2005,1,1972-07-01T00:00:00Z,2025-07-17T00:00:00Z,N,NA,NA
new hampshire,2005,1,1979-07-01T00:00:00Z,2025-07-17T00:00:00Z,N,NA,"Repealed CON June 30, 2016 and immediately implemented quasi-CON July 1, 2016"
new jersey,2005,1,1971-05-10T00:00:00Z,2025-07-17T00:00:00Z,N,NA,NA
new mexico,2005,0,1978-03-06T00:00:00Z,1981-01-01T00:00:00Z,N,NA,"Repealed CON, except for ambulance services"
new york,2005,1,1964-10-01T00:00:00Z,2025-07-17T00:00:00Z,N,NA,NA
north carolina,2005,1,1971-07-21T00:00:00Z,1973-03-28T00:00:00Z,Y,1979-01-01T00:00:00Z,NA
north dakota,2005,0,1971-03-27T00:00:00Z,1995-01-01T00:00:00Z,N,NA,NA
ohio,2005,1,1975-08-25T00:00:00Z,2025-07-17T00:00:00Z,N,NA,"Amendments added in March 15, 1979 and only regulates long-term care now"
oklahoma,2005,1,1971-04-08T00:00:00Z,2025-07-17T00:00:00Z,N,NA,"Repealed CON for Psychiatric and Chemical Dependency Facilities passed in 1989 on May 6, 2024"
oregon,2005,1,1971-07-01T00:00:00Z,2025-07-17T00:00:00Z,N,NA,NA
pennsylvania,2005,0,1979-10-01T00:00:00Z,1996-12-31T00:00:00Z,N,NA,"Original expiration date was December 31, 1992 but legislature extended law by 4-years"
rhode island,2005,1,1969-01-01T00:00:00Z,2025-07-17T00:00:00Z,N,NA,NA
south carolina,2005,1,1971-06-03T00:00:00Z,2025-07-17T00:00:00Z,N,NA,"CON laws subject to review January, 2027"
south dakota,2005,0,1972-02-09T00:00:00Z,1988-01-01T00:00:00Z,N,NA,NA
tennessee,2005,1,1973-07-01T00:00:00Z,2025-07-17T00:00:00Z,N,NA,NA
texas,2005,0,1971-05-26T00:00:00Z,1985-01-01T00:00:00Z,N,NA,NA
utah,2005,0,1979-05-08T00:00:00Z,1984-12-31T00:00:00Z,N,NA,NA
vermont,2005,1,1979-05-08T00:00:00Z,2025-07-17T00:00:00Z,N,NA,NA
virginia,2005,1,1973-03-09T00:00:00Z,2025-07-17T00:00:00Z,N,NA,NA
washington,2005,1,1979-05-11T00:00:00Z,2025-07-17T00:00:00Z,N,NA,NA
west virginia,2005,1,1977-07-08T00:00:00Z,2025-07-17T00:00:00Z,N,NA,NA
wisconsin,2005,1,1977-01-01T00:00:00Z,1987-08-06T00:00:00Z,Y,1992-05-12T00:00:00Z,"Reenacted approval process, “quasi-CON”"
wyoming,2005,1,1977-05-27T00:00:00Z,2025-07-17T00:00:00Z,N,NA,"Repealed CON in March 13, 1987, except for nursing homes"
alabama,2006,1,1979-07-30T00:00:00Z,2025-07-17T00:00:00Z,N,NA,NA
alaska,2006,1,1976-07-01T00:00:00Z,2025-07-17T00:00:00Z,N,NA,NA
arizona,2006,0,1975-06-12T00:00:00Z,1985-03-15T00:00:00Z,N,NA,Certificate of Necessity for ambulances passed in 1993
arkansas,2006,1,1975-03-25T00:00:00Z,1987-01-01T00:00:00Z,Y,1987-01-01T00:00:00Z,"Reinstated Permit of Approval program, more relaxed CON law"
california,2006,0,1976-09-09T00:00:00Z,1987-01-01T00:00:00Z,N,NA,NA
colorado,2006,0,1973-05-30T00:00:00Z,1987-07-01T00:00:00Z,N,NA,NA
connecticut,2006,1,1973-07-01T00:00:00Z,2025-07-17T00:00:00Z,N,NA,"CON for Long Term Care Facilities became effective July 1, 1993"
delaware,2006,1,1978-06-30T00:00:00Z,2025-07-17T00:00:00Z,N,NA,NA
florida,2006,1,1973-07-01T00:00:00Z,2025-07-17T00:00:00Z,N,NA,NA
georgia,2006,1,1979-07-01T00:00:00Z,2025-07-17T00:00:00Z,N,NA,NA
hawaii,2006,1,1975-07-01T00:00:00Z,2025-07-17T00:00:00Z,N,NA,NA
idaho,2006,0,1980-03-20T00:00:00Z,1983-07-01T00:00:00Z,N,NA,CON expired in 1983 but repealed in 2004
illinois,2006,1,1974-07-01T00:00:00Z,2025-07-17T00:00:00Z,N,NA,"CON laws subject to review December 31st, 2029"
indiana,2006,0,1980-01-01T00:00:00Z,1999-01-01T00:00:00Z,Y,2019-01-01T00:00:00Z,No CON laws in 1996; 2018 CON law only applies to nursing homes
iowa,2006,1,1978-07-01T00:00:00Z,2025-07-17T00:00:00Z,N,NA,NA
kansas,2006,0,1972-03-21T00:00:00Z,1985-04-23T00:00:00Z,N,NA,NA
kentucky,2006,1,1972-07-01T00:00:00Z,2025-07-17T00:00:00Z,N,NA,NA
louisiana,2006,1,1990-07-06T00:00:00Z,2025-07-17T00:00:00Z,N,NA,NA
maine,2006,1,1978-03-30T00:00:00Z,2025-07-17T00:00:00Z,N,NA,NA
maryland,2006,1,1968-01-01T00:00:00Z,2025-07-17T00:00:00Z,N,NA,NA
massachusetts,2006,1,1972-06-01T00:00:00Z,2025-07-17T00:00:00Z,N,NA,NA
michigan,2006,1,1972-08-08T00:00:00Z,2025-07-17T00:00:00Z,N,NA,NA
minnesota,2006,1,1971-07-01T00:00:00Z,2025-07-17T00:00:00Z,N,NA,"Hospital moratorium from 1984 to June 30, 1987; 2004 public review"
mississippi,2006,1,1979-07-01T00:00:00Z,2025-07-17T00:00:00Z,N,NA,NA
missouri,2006,1,1980-10-01T00:00:00Z,2025-07-17T00:00:00Z,N,NA,NA
montana,2006,1,1975-04-16T00:00:00Z,2025-07-17T00:00:00Z,N,NA,"Repealed CON in 2019, generally, except for long-term care facilities"
nebraska,2006,1,1979-05-22T00:00:00Z,2025-07-17T00:00:00Z,N,NA,NA
nevada,2006,1,1972-07-01T00:00:00Z,2025-07-17T00:00:00Z,N,NA,NA
new hampshire,2006,1,1979-07-01T00:00:00Z,2025-07-17T00:00:00Z,N,NA,"Repealed CON June 30, 2016 and immediately implemented quasi-CON July 1, 2016"
new jersey,2006,1,1971-05-10T00:00:00Z,2025-07-17T00:00:00Z,N,NA,NA
new mexico,2006,0,1978-03-06T00:00:00Z,1981-01-01T00:00:00Z,N,NA,"Repealed CON, except for ambulance services"
new york,2006,1,1964-10-01T00:00:00Z,2025-07-17T00:00:00Z,N,NA,NA
north carolina,2006,1,1971-07-21T00:00:00Z,1973-03-28T00:00:00Z,Y,1979-01-01T00:00:00Z,NA
north dakota,2006,0,1971-03-27T00:00:00Z,1995-01-01T00:00:00Z,N,NA,NA
ohio,2006,1,1975-08-25T00:00:00Z,2025-07-17T00:00:00Z,N,NA,"Amendments added in March 15, 1979 and only regulates long-term care now"
oklahoma,2006,1,1971-04-08T00:00:00Z,2025-07-17T00:00:00Z,N,NA,"Repealed CON for Psychiatric and Chemical Dependency Facilities passed in 1989 on May 6, 2024"
oregon,2006,1,1971-07-01T00:00:00Z,2025-07-17T00:00:00Z,N,NA,NA
pennsylvania,2006,0,1979-10-01T00:00:00Z,1996-12-31T00:00:00Z,N,NA,"Original expiration date was December 31, 1992 but legislature extended law by 4-years"
rhode island,2006,1,1969-01-01T00:00:00Z,2025-07-17T00:00:00Z,N,NA,NA
south carolina,2006,1,1971-06-03T00:00:00Z,2025-07-17T00:00:00Z,N,NA,"CON laws subject to review January, 2027"
south dakota,2006,0,1972-02-09T00:00:00Z,1988-01-01T00:00:00Z,N,NA,NA
tennessee,2006,1,1973-07-01T00:00:00Z,2025-07-17T00:00:00Z,N,NA,NA
texas,2006,0,1971-05-26T00:00:00Z,1985-01-01T00:00:00Z,N,NA,NA
utah,2006,0,1979-05-08T00:00:00Z,1984-12-31T00:00:00Z,N,NA,NA
vermont,2006,1,1979-05-08T00:00:00Z,2025-07-17T00:00:00Z,N,NA,NA
virginia,2006,1,1973-03-09T00:00:00Z,2025-07-17T00:00:00Z,N,NA,NA
washington,2006,1,1979-05-11T00:00:00Z,2025-07-17T00:00:00Z,N,NA,NA
west virginia,2006,1,1977-07-08T00:00:00Z,2025-07-17T00:00:00Z,N,NA,NA
wisconsin,2006,1,1977-01-01T00:00:00Z,1987-08-06T00:00:00Z,Y,1992-05-12T00:00:00Z,"Reenacted approval process, “quasi-CON”"
wyoming,2006,1,1977-05-27T00:00:00Z,2025-07-17T00:00:00Z,N,NA,"Repealed CON in March 13, 1987, except for nursing homes"
alabama,2007,1,1979-07-30T00:00:00Z,2025-07-17T00:00:00Z,N,NA,NA
alaska,2007,1,1976-07-01T00:00:00Z,2025-07-17T00:00:00Z,N,NA,NA
arizona,2007,0,1975-06-12T00:00:00Z,1985-03-15T00:00:00Z,N,NA,Certificate of Necessity for ambulances passed in 1993
arkansas,2007,1,1975-03-25T00:00:00Z,1987-01-01T00:00:00Z,Y,1987-01-01T00:00:00Z,"Reinstated Permit of Approval program, more relaxed CON law"
california,2007,0,1976-09-09T00:00:00Z,1987-01-01T00:00:00Z,N,NA,NA
colorado,2007,0,1973-05-30T00:00:00Z,1987-07-01T00:00:00Z,N,NA,NA
connecticut,2007,1,1973-07-01T00:00:00Z,2025-07-17T00:00:00Z,N,NA,"CON for Long Term Care Facilities became effective July 1, 1993"
delaware,2007,1,1978-06-30T00:00:00Z,2025-07-17T00:00:00Z,N,NA,NA
florida,2007,1,1973-07-01T00:00:00Z,2025-07-17T00:00:00Z,N,NA,NA
georgia,2007,1,1979-07-01T00:00:00Z,2025-07-17T00:00:00Z,N,NA,NA
hawaii,2007,1,1975-07-01T00:00:00Z,2025-07-17T00:00:00Z,N,NA,NA
idaho,2007,0,1980-03-20T00:00:00Z,1983-07-01T00:00:00Z,N,NA,CON expired in 1983 but repealed in 2004
illinois,2007,1,1974-07-01T00:00:00Z,2025-07-17T00:00:00Z,N,NA,"CON laws subject to review December 31st, 2029"
indiana,2007,0,1980-01-01T00:00:00Z,1999-01-01T00:00:00Z,Y,2019-01-01T00:00:00Z,No CON laws in 1996; 2018 CON law only applies to nursing homes
iowa,2007,1,1978-07-01T00:00:00Z,2025-07-17T00:00:00Z,N,NA,NA
kansas,2007,0,1972-03-21T00:00:00Z,1985-04-23T00:00:00Z,N,NA,NA
kentucky,2007,1,1972-07-01T00:00:00Z,2025-07-17T00:00:00Z,N,NA,NA
louisiana,2007,1,1990-07-06T00:00:00Z,2025-07-17T00:00:00Z,N,NA,NA
maine,2007,1,1978-03-30T00:00:00Z,2025-07-17T00:00:00Z,N,NA,NA
maryland,2007,1,1968-01-01T00:00:00Z,2025-07-17T00:00:00Z,N,NA,NA
massachusetts,2007,1,1972-06-01T00:00:00Z,2025-07-17T00:00:00Z,N,NA,NA
michigan,2007,1,1972-08-08T00:00:00Z,2025-07-17T00:00:00Z,N,NA,NA
minnesota,2007,1,1971-07-01T00:00:00Z,2025-07-17T00:00:00Z,N,NA,"Hospital moratorium from 1984 to June 30, 1987; 2004 public review"
mississippi,2007,1,1979-07-01T00:00:00Z,2025-07-17T00:00:00Z,N,NA,NA
missouri,2007,1,1980-10-01T00:00:00Z,2025-07-17T00:00:00Z,N,NA,NA
montana,2007,1,1975-04-16T00:00:00Z,2025-07-17T00:00:00Z,N,NA,"Repealed CON in 2019, generally, except for long-term care facilities"
nebraska,2007,1,1979-05-22T00:00:00Z,2025-07-17T00:00:00Z,N,NA,NA
nevada,2007,1,1972-07-01T00:00:00Z,2025-07-17T00:00:00Z,N,NA,NA
new hampshire,2007,1,1979-07-01T00:00:00Z,2025-07-17T00:00:00Z,N,NA,"Repealed CON June 30, 2016 and immediately implemented quasi-CON July 1, 2016"
new jersey,2007,1,1971-05-10T00:00:00Z,2025-07-17T00:00:00Z,N,NA,NA
new mexico,2007,0,1978-03-06T00:00:00Z,1981-01-01T00:00:00Z,N,NA,"Repealed CON, except for ambulance services"
new york,2007,1,1964-10-01T00:00:00Z,2025-07-17T00:00:00Z,N,NA,NA
north carolina,2007,1,1971-07-21T00:00:00Z,1973-03-28T00:00:00Z,Y,1979-01-01T00:00:00Z,NA
north dakota,2007,0,1971-03-27T00:00:00Z,1995-01-01T00:00:00Z,N,NA,NA
ohio,2007,1,1975-08-25T00:00:00Z,2025-07-17T00:00:00Z,N,NA,"Amendments added in March 15, 1979 and only regulates long-term care now"
oklahoma,2007,1,1971-04-08T00:00:00Z,2025-07-17T00:00:00Z,N,NA,"Repealed CON for Psychiatric and Chemical Dependency Facilities passed in 1989 on May 6, 2024"
oregon,2007,1,1971-07-01T00:00:00Z,2025-07-17T00:00:00Z,N,NA,NA
pennsylvania,2007,0,1979-10-01T00:00:00Z,1996-12-31T00:00:00Z,N,NA,"Original expiration date was December 31, 1992 but legislature extended law by 4-years"
rhode island,2007,1,1969-01-01T00:00:00Z,2025-07-17T00:00:00Z,N,NA,NA
south carolina,2007,1,1971-06-03T00:00:00Z,2025-07-17T00:00:00Z,N,NA,"CON laws subject to review January, 2027"
south dakota,2007,0,1972-02-09T00:00:00Z,1988-01-01T00:00:00Z,N,NA,NA
tennessee,2007,1,1973-07-01T00:00:00Z,2025-07-17T00:00:00Z,N,NA,NA
texas,2007,0,1971-05-26T00:00:00Z,1985-01-01T00:00:00Z,N,NA,NA
utah,2007,0,1979-05-08T00:00:00Z,1984-12-31T00:00:00Z,N,NA,NA
vermont,2007,1,1979-05-08T00:00:00Z,2025-07-17T00:00:00Z,N,NA,NA
virginia,2007,1,1973-03-09T00:00:00Z,2025-07-17T00:00:00Z,N,NA,NA
washington,2007,1,1979-05-11T00:00:00Z,2025-07-17T00:00:00Z,N,NA,NA
west virginia,2007,1,1977-07-08T00:00:00Z,2025-07-17T00:00:00Z,N,NA,NA
wisconsin,2007,1,1977-01-01T00:00:00Z,1987-08-06T00:00:00Z,Y,1992-05-12T00:00:00Z,"Reenacted approval process, “quasi-CON”"
wyoming,2007,1,1977-05-27T00:00:00Z,2025-07-17T00:00:00Z,N,NA,"Repealed CON in March 13, 1987, except for nursing homes"
alabama,2008,1,1979-07-30T00:00:00Z,2025-07-17T00:00:00Z,N,NA,NA
alaska,2008,1,1976-07-01T00:00:00Z,2025-07-17T00:00:00Z,N,NA,NA
arizona,2008,0,1975-06-12T00:00:00Z,1985-03-15T00:00:00Z,N,NA,Certificate of Necessity for ambulances passed in 1993
arkansas,2008,1,1975-03-25T00:00:00Z,1987-01-01T00:00:00Z,Y,1987-01-01T00:00:00Z,"Reinstated Permit of Approval program, more relaxed CON law"
california,2008,0,1976-09-09T00:00:00Z,1987-01-01T00:00:00Z,N,NA,NA
colorado,2008,0,1973-05-30T00:00:00Z,1987-07-01T00:00:00Z,N,NA,NA
connecticut,2008,1,1973-07-01T00:00:00Z,2025-07-17T00:00:00Z,N,NA,"CON for Long Term Care Facilities became effective July 1, 1993"
delaware,2008,1,1978-06-30T00:00:00Z,2025-07-17T00:00:00Z,N,NA,NA
florida,2008,1,1973-07-01T00:00:00Z,2025-07-17T00:00:00Z,N,NA,NA
georgia,2008,1,1979-07-01T00:00:00Z,2025-07-17T00:00:00Z,N,NA,NA
hawaii,2008,1,1975-07-01T00:00:00Z,2025-07-17T00:00:00Z,N,NA,NA
idaho,2008,0,1980-03-20T00:00:00Z,1983-07-01T00:00:00Z,N,NA,CON expired in 1983 but repealed in 2004
illinois,2008,1,1974-07-01T00:00:00Z,2025-07-17T00:00:00Z,N,NA,"CON laws subject to review December 31st, 2029"
indiana,2008,0,1980-01-01T00:00:00Z,1999-01-01T00:00:00Z,Y,2019-01-01T00:00:00Z,No CON laws in 1996; 2018 CON law only applies to nursing homes
iowa,2008,1,1978-07-01T00:00:00Z,2025-07-17T00:00:00Z,N,NA,NA
kansas,2008,0,1972-03-21T00:00:00Z,1985-04-23T00:00:00Z,N,NA,NA
kentucky,2008,1,1972-07-01T00:00:00Z,2025-07-17T00:00:00Z,N,NA,NA
louisiana,2008,1,1990-07-06T00:00:00Z,2025-07-17T00:00:00Z,N,NA,NA
maine,2008,1,1978-03-30T00:00:00Z,2025-07-17T00:00:00Z,N,NA,NA
maryland,2008,1,1968-01-01T00:00:00Z,2025-07-17T00:00:00Z,N,NA,NA
massachusetts,2008,1,1972-06-01T00:00:00Z,2025-07-17T00:00:00Z,N,NA,NA
michigan,2008,1,1972-08-08T00:00:00Z,2025-07-17T00:00:00Z,N,NA,NA
minnesota,2008,1,1971-07-01T00:00:00Z,2025-07-17T00:00:00Z,N,NA,"Hospital moratorium from 1984 to June 30, 1987; 2004 public review"
mississippi,2008,1,1979-07-01T00:00:00Z,2025-07-17T00:00:00Z,N,NA,NA
missouri,2008,1,1980-10-01T00:00:00Z,2025-07-17T00:00:00Z,N,NA,NA
montana,2008,1,1975-04-16T00:00:00Z,2025-07-17T00:00:00Z,N,NA,"Repealed CON in 2019, generally, except for long-term care facilities"
nebraska,2008,1,1979-05-22T00:00:00Z,2025-07-17T00:00:00Z,N,NA,NA
nevada,2008,1,1972-07-01T00:00:00Z,2025-07-17T00:00:00Z,N,NA,NA
new hampshire,2008,1,1979-07-01T00:00:00Z,2025-07-17T00:00:00Z,N,NA,"Repealed CON June 30, 2016 and immediately implemented quasi-CON July 1, 2016"
new jersey,2008,1,1971-05-10T00:00:00Z,2025-07-17T00:00:00Z,N,NA,NA
new mexico,2008,0,1978-03-06T00:00:00Z,1981-01-01T00:00:00Z,N,NA,"Repealed CON, except for ambulance services"
new york,2008,1,1964-10-01T00:00:00Z,2025-07-17T00:00:00Z,N,NA,NA
north carolina,2008,1,1971-07-21T00:00:00Z,1973-03-28T00:00:00Z,Y,1979-01-01T00:00:00Z,NA
north dakota,2008,0,1971-03-27T00:00:00Z,1995-01-01T00:00:00Z,N,NA,NA
ohio,2008,1,1975-08-25T00:00:00Z,2025-07-17T00:00:00Z,N,NA,"Amendments added in March 15, 1979 and only regulates long-term care now"
oklahoma,2008,1,1971-04-08T00:00:00Z,2025-07-17T00:00:00Z,N,NA,"Repealed CON for Psychiatric and Chemical Dependency Facilities passed in 1989 on May 6, 2024"
oregon,2008,1,1971-07-01T00:00:00Z,2025-07-17T00:00:00Z,N,NA,NA
pennsylvania,2008,0,1979-10-01T00:00:00Z,1996-12-31T00:00:00Z,N,NA,"Original expiration date was December 31, 1992 but legislature extended law by 4-years"
rhode island,2008,1,1969-01-01T00:00:00Z,2025-07-17T00:00:00Z,N,NA,NA
south carolina,2008,1,1971-06-03T00:00:00Z,2025-07-17T00:00:00Z,N,NA,"CON laws subject to review January, 2027"
south dakota,2008,0,1972-02-09T00:00:00Z,1988-01-01T00:00:00Z,N,NA,NA
tennessee,2008,1,1973-07-01T00:00:00Z,2025-07-17T00:00:00Z,N,NA,NA
texas,2008,0,1971-05-26T00:00:00Z,1985-01-01T00:00:00Z,N,NA,NA
utah,2008,0,1979-05-08T00:00:00Z,1984-12-31T00:00:00Z,N,NA,NA
vermont,2008,1,1979-05-08T00:00:00Z,2025-07-17T00:00:00Z,N,NA,NA
virginia,2008,1,1973-03-09T00:00:00Z,2025-07-17T00:00:00Z,N,NA,NA
washington,2008,1,1979-05-11T00:00:00Z,2025-07-17T00:00:00Z,N,NA,NA
west virginia,2008,1,1977-07-08T00:00:00Z,2025-07-17T00:00:00Z,N,NA,NA
wisconsin,2008,1,1977-01-01T00:00:00Z,1987-08-06T00:00:00Z,Y,1992-05-12T00:00:00Z,"Reenacted approval process, “quasi-CON”"
wyoming,2008,1,1977-05-27T00:00:00Z,2025-07-17T00:00:00Z,N,NA,"Repealed CON in March 13, 1987, except for nursing homes"
alabama,2009,1,1979-07-30T00:00:00Z,2025-07-17T00:00:00Z,N,NA,NA
alaska,2009,1,1976-07-01T00:00:00Z,2025-07-17T00:00:00Z,N,NA,NA
arizona,2009,0,1975-06-12T00:00:00Z,1985-03-15T00:00:00Z,N,NA,Certificate of Necessity for ambulances passed in 1993
arkansas,2009,1,1975-03-25T00:00:00Z,1987-01-01T00:00:00Z,Y,1987-01-01T00:00:00Z,"Reinstated Permit of Approval program, more relaxed CON law"
california,2009,0,1976-09-09T00:00:00Z,1987-01-01T00:00:00Z,N,NA,NA
colorado,2009,0,1973-05-30T00:00:00Z,1987-07-01T00:00:00Z,N,NA,NA
connecticut,2009,1,1973-07-01T00:00:00Z,2025-07-17T00:00:00Z,N,NA,"CON for Long Term Care Facilities became effective July 1, 1993"
delaware,2009,1,1978-06-30T00:00:00Z,2025-07-17T00:00:00Z,N,NA,NA
florida,2009,1,1973-07-01T00:00:00Z,2025-07-17T00:00:00Z,N,NA,NA
georgia,2009,1,1979-07-01T00:00:00Z,2025-07-17T00:00:00Z,N,NA,NA
hawaii,2009,1,1975-07-01T00:00:00Z,2025-07-17T00:00:00Z,N,NA,NA
idaho,2009,0,1980-03-20T00:00:00Z,1983-07-01T00:00:00Z,N,NA,CON expired in 1983 but repealed in 2004
illinois,2009,1,1974-07-01T00:00:00Z,2025-07-17T00:00:00Z,N,NA,"CON laws subject to review December 31st, 2029"
indiana,2009,0,1980-01-01T00:00:00Z,1999-01-01T00:00:00Z,Y,2019-01-01T00:00:00Z,No CON laws in 1996; 2018 CON law only applies to nursing homes
iowa,2009,1,1978-07-01T00:00:00Z,2025-07-17T00:00:00Z,N,NA,NA
kansas,2009,0,1972-03-21T00:00:00Z,1985-04-23T00:00:00Z,N,NA,NA
kentucky,2009,1,1972-07-01T00:00:00Z,2025-07-17T00:00:00Z,N,NA,NA
louisiana,2009,1,1990-07-06T00:00:00Z,2025-07-17T00:00:00Z,N,NA,NA
maine,2009,1,1978-03-30T00:00:00Z,2025-07-17T00:00:00Z,N,NA,NA
maryland,2009,1,1968-01-01T00:00:00Z,2025-07-17T00:00:00Z,N,NA,NA
massachusetts,2009,1,1972-06-01T00:00:00Z,2025-07-17T00:00:00Z,N,NA,NA
michigan,2009,1,1972-08-08T00:00:00Z,2025-07-17T00:00:00Z,N,NA,NA
minnesota,2009,1,1971-07-01T00:00:00Z,2025-07-17T00:00:00Z,N,NA,"Hospital moratorium from 1984 to June 30, 1987; 2004 public review"
mississippi,2009,1,1979-07-01T00:00:00Z,2025-07-17T00:00:00Z,N,NA,NA
missouri,2009,1,1980-10-01T00:00:00Z,2025-07-17T00:00:00Z,N,NA,NA
montana,2009,1,1975-04-16T00:00:00Z,2025-07-17T00:00:00Z,N,NA,"Repealed CON in 2019, generally, except for long-term care facilities"
nebraska,2009,1,1979-05-22T00:00:00Z,2025-07-17T00:00:00Z,N,NA,NA
nevada,2009,1,1972-07-01T00:00:00Z,2025-07-17T00:00:00Z,N,NA,NA
new hampshire,2009,1,1979-07-01T00:00:00Z,2025-07-17T00:00:00Z,N,NA,"Repealed CON June 30, 2016 and immediately implemented quasi-CON July 1, 2016"
new jersey,2009,1,1971-05-10T00:00:00Z,2025-07-17T00:00:00Z,N,NA,NA
new mexico,2009,0,1978-03-06T00:00:00Z,1981-01-01T00:00:00Z,N,NA,"Repealed CON, except for ambulance services"
new york,2009,1,1964-10-01T00:00:00Z,2025-07-17T00:00:00Z,N,NA,NA
north carolina,2009,1,1971-07-21T00:00:00Z,1973-03-28T00:00:00Z,Y,1979-01-01T00:00:00Z,NA
north dakota,2009,0,1971-03-27T00:00:00Z,1995-01-01T00:00:00Z,N,NA,NA
ohio,2009,1,1975-08-25T00:00:00Z,2025-07-17T00:00:00Z,N,NA,"Amendments added in March 15, 1979 and only regulates long-term care now"
oklahoma,2009,1,1971-04-08T00:00:00Z,2025-07-17T00:00:00Z,N,NA,"Repealed CON for Psychiatric and Chemical Dependency Facilities passed in 1989 on May 6, 2024"
oregon,2009,1,1971-07-01T00:00:00Z,2025-07-17T00:00:00Z,N,NA,NA
pennsylvania,2009,0,1979-10-01T00:00:00Z,1996-12-31T00:00:00Z,N,NA,"Original expiration date was December 31, 1992 but legislature extended law by 4-years"
rhode island,2009,1,1969-01-01T00:00:00Z,2025-07-17T00:00:00Z,N,NA,NA
south carolina,2009,1,1971-06-03T00:00:00Z,2025-07-17T00:00:00Z,N,NA,"CON laws subject to review January, 2027"
south dakota,2009,0,1972-02-09T00:00:00Z,1988-01-01T00:00:00Z,N,NA,NA
tennessee,2009,1,1973-07-01T00:00:00Z,2025-07-17T00:00:00Z,N,NA,NA
texas,2009,0,1971-05-26T00:00:00Z,1985-01-01T00:00:00Z,N,NA,NA
utah,2009,0,1979-05-08T00:00:00Z,1984-12-31T00:00:00Z,N,NA,NA
vermont,2009,1,1979-05-08T00:00:00Z,2025-07-17T00:00:00Z,N,NA,NA
virginia,2009,1,1973-03-09T00:00:00Z,2025-07-17T00:00:00Z,N,NA,NA
washington,2009,1,1979-05-11T00:00:00Z,2025-07-17T00:00:00Z,N,NA,NA
west virginia,2009,1,1977-07-08T00:00:00Z,2025-07-17T00:00:00Z,N,NA,NA
wisconsin,2009,1,1977-01-01T00:00:00Z,1987-08-06T00:00:00Z,Y,1992-05-12T00:00:00Z,"Reenacted approval process, “quasi-CON”"
wyoming,2009,1,1977-05-27T00:00:00Z,2025-07-17T00:00:00Z,N,NA,"Repealed CON in March 13, 1987, except for nursing homes"
alabama,2010,1,1979-07-30T00:00:00Z,2025-07-17T00:00:00Z,N,NA,NA
alaska,2010,1,1976-07-01T00:00:00Z,2025-07-17T00:00:00Z,N,NA,NA
arizona,2010,0,1975-06-12T00:00:00Z,1985-03-15T00:00:00Z,N,NA,Certificate of Necessity for ambulances passed in 1993
arkansas,2010,1,1975-03-25T00:00:00Z,1987-01-01T00:00:00Z,Y,1987-01-01T00:00:00Z,"Reinstated Permit of Approval program, more relaxed CON law"
california,2010,0,1976-09-09T00:00:00Z,1987-01-01T00:00:00Z,N,NA,NA
colorado,2010,0,1973-05-30T00:00:00Z,1987-07-01T00:00:00Z,N,NA,NA
connecticut,2010,1,1973-07-01T00:00:00Z,2025-07-17T00:00:00Z,N,NA,"CON for Long Term Care Facilities became effective July 1, 1993"
delaware,2010,1,1978-06-30T00:00:00Z,2025-07-17T00:00:00Z,N,NA,NA
florida,2010,1,1973-07-01T00:00:00Z,2025-07-17T00:00:00Z,N,NA,NA
georgia,2010,1,1979-07-01T00:00:00Z,2025-07-17T00:00:00Z,N,NA,NA
hawaii,2010,1,1975-07-01T00:00:00Z,2025-07-17T00:00:00Z,N,NA,NA
idaho,2010,0,1980-03-20T00:00:00Z,1983-07-01T00:00:00Z,N,NA,CON expired in 1983 but repealed in 2004
illinois,2010,1,1974-07-01T00:00:00Z,2025-07-17T00:00:00Z,N,NA,"CON laws subject to review December 31st, 2029"
indiana,2010,0,1980-01-01T00:00:00Z,1999-01-01T00:00:00Z,Y,2019-01-01T00:00:00Z,No CON laws in 1996; 2018 CON law only applies to nursing homes
iowa,2010,1,1978-07-01T00:00:00Z,2025-07-17T00:00:00Z,N,NA,NA
kansas,2010,0,1972-03-21T00:00:00Z,1985-04-23T00:00:00Z,N,NA,NA
kentucky,2010,1,1972-07-01T00:00:00Z,2025-07-17T00:00:00Z,N,NA,NA
louisiana,2010,1,1990-07-06T00:00:00Z,2025-07-17T00:00:00Z,N,NA,NA
maine,2010,1,1978-03-30T00:00:00Z,2025-07-17T00:00:00Z,N,NA,NA
maryland,2010,1,1968-01-01T00:00:00Z,2025-07-17T00:00:00Z,N,NA,NA
massachusetts,2010,1,1972-06-01T00:00:00Z,2025-07-17T00:00:00Z,N,NA,NA
michigan,2010,1,1972-08-08T00:00:00Z,2025-07-17T00:00:00Z,N,NA,NA
minnesota,2010,1,1971-07-01T00:00:00Z,2025-07-17T00:00:00Z,N,NA,"Hospital moratorium from 1984 to June 30, 1987; 2004 public review"
mississippi,2010,1,1979-07-01T00:00:00Z,2025-07-17T00:00:00Z,N,NA,NA
missouri,2010,1,1980-10-01T00:00:00Z,2025-07-17T00:00:00Z,N,NA,NA
montana,2010,1,1975-04-16T00:00:00Z,2025-07-17T00:00:00Z,N,NA,"Repealed CON in 2019, generally, except for long-term care facilities"
nebraska,2010,1,1979-05-22T00:00:00Z,2025-07-17T00:00:00Z,N,NA,NA
nevada,2010,1,1972-07-01T00:00:00Z,2025-07-17T00:00:00Z,N,NA,NA
new hampshire,2010,1,1979-07-01T00:00:00Z,2025-07-17T00:00:00Z,N,NA,"Repealed CON June 30, 2016 and immediately implemented quasi-CON July 1, 2016"
new jersey,2010,1,1971-05-10T00:00:00Z,2025-07-17T00:00:00Z,N,NA,NA
new mexico,2010,0,1978-03-06T00:00:00Z,1981-01-01T00:00:00Z,N,NA,"Repealed CON, except for ambulance services"
new york,2010,1,1964-10-01T00:00:00Z,2025-07-17T00:00:00Z,N,NA,NA
north carolina,2010,1,1971-07-21T00:00:00Z,1973-03-28T00:00:00Z,Y,1979-01-01T00:00:00Z,NA
north dakota,2010,0,1971-03-27T00:00:00Z,1995-01-01T00:00:00Z,N,NA,NA
ohio,2010,1,1975-08-25T00:00:00Z,2025-07-17T00:00:00Z,N,NA,"Amendments added in March 15, 1979 and only regulates long-term care now"
oklahoma,2010,1,1971-04-08T00:00:00Z,2025-07-17T00:00:00Z,N,NA,"Repealed CON for Psychiatric and Chemical Dependency Facilities passed in 1989 on May 6, 2024"
oregon,2010,1,1971-07-01T00:00:00Z,2025-07-17T00:00:00Z,N,NA,NA
pennsylvania,2010,0,1979-10-01T00:00:00Z,1996-12-31T00:00:00Z,N,NA,"Original expiration date was December 31, 1992 but legislature extended law by 4-years"
rhode island,2010,1,1969-01-01T00:00:00Z,2025-07-17T00:00:00Z,N,NA,NA
south carolina,2010,1,1971-06-03T00:00:00Z,2025-07-17T00:00:00Z,N,NA,"CON laws subject to review January, 2027"
south dakota,2010,0,1972-02-09T00:00:00Z,1988-01-01T00:00:00Z,N,NA,NA
tennessee,2010,1,1973-07-01T00:00:00Z,2025-07-17T00:00:00Z,N,NA,NA
texas,2010,0,1971-05-26T00:00:00Z,1985-01-01T00:00:00Z,N,NA,NA
utah,2010,0,1979-05-08T00:00:00Z,1984-12-31T00:00:00Z,N,NA,NA
vermont,2010,1,1979-05-08T00:00:00Z,2025-07-17T00:00:00Z,N,NA,NA
virginia,2010,1,1973-03-09T00:00:00Z,2025-07-17T00:00:00Z,N,NA,NA
washington,2010,1,1979-05-11T00:00:00Z,2025-07-17T00:00:00Z,N,NA,NA
west virginia,2010,1,1977-07-08T00:00:00Z,2025-07-17T00:00:00Z,N,NA,NA
wisconsin,2010,1,1977-01-01T00:00:00Z,1987-08-06T00:00:00Z,Y,1992-05-12T00:00:00Z,"Reenacted approval process, “quasi-CON”"
wyoming,2010,1,1977-05-27T00:00:00Z,2025-07-17T00:00:00Z,N,NA,"Repealed CON in March 13, 1987, except for nursing homes"
alabama,2011,1,1979-07-30T00:00:00Z,2025-07-17T00:00:00Z,N,NA,NA
alaska,2011,1,1976-07-01T00:00:00Z,2025-07-17T00:00:00Z,N,NA,NA
arizona,2011,0,1975-06-12T00:00:00Z,1985-03-15T00:00:00Z,N,NA,Certificate of Necessity for ambulances passed in 1993
arkansas,2011,1,1975-03-25T00:00:00Z,1987-01-01T00:00:00Z,Y,1987-01-01T00:00:00Z,"Reinstated Permit of Approval program, more relaxed CON law"
california,2011,0,1976-09-09T00:00:00Z,1987-01-01T00:00:00Z,N,NA,NA
colorado,2011,0,1973-05-30T00:00:00Z,1987-07-01T00:00:00Z,N,NA,NA
connecticut,2011,1,1973-07-01T00:00:00Z,2025-07-17T00:00:00Z,N,NA,"CON for Long Term Care Facilities became effective July 1, 1993"
delaware,2011,1,1978-06-30T00:00:00Z,2025-07-17T00:00:00Z,N,NA,NA
florida,2011,1,1973-07-01T00:00:00Z,2025-07-17T00:00:00Z,N,NA,NA
georgia,2011,1,1979-07-01T00:00:00Z,2025-07-17T00:00:00Z,N,NA,NA
hawaii,2011,1,1975-07-01T00:00:00Z,2025-07-17T00:00:00Z,N,NA,NA
idaho,2011,0,1980-03-20T00:00:00Z,1983-07-01T00:00:00Z,N,NA,CON expired in 1983 but repealed in 2004
illinois,2011,1,1974-07-01T00:00:00Z,2025-07-17T00:00:00Z,N,NA,"CON laws subject to review December 31st, 2029"
indiana,2011,0,1980-01-01T00:00:00Z,1999-01-01T00:00:00Z,Y,2019-01-01T00:00:00Z,No CON laws in 1996; 2018 CON law only applies to nursing homes
iowa,2011,1,1978-07-01T00:00:00Z,2025-07-17T00:00:00Z,N,NA,NA
kansas,2011,0,1972-03-21T00:00:00Z,1985-04-23T00:00:00Z,N,NA,NA
kentucky,2011,1,1972-07-01T00:00:00Z,2025-07-17T00:00:00Z,N,NA,NA
louisiana,2011,1,1990-07-06T00:00:00Z,2025-07-17T00:00:00Z,N,NA,NA
maine,2011,1,1978-03-30T00:00:00Z,2025-07-17T00:00:00Z,N,NA,NA
maryland,2011,1,1968-01-01T00:00:00Z,2025-07-17T00:00:00Z,N,NA,NA
massachusetts,2011,1,1972-06-01T00:00:00Z,2025-07-17T00:00:00Z,N,NA,NA
michigan,2011,1,1972-08-08T00:00:00Z,2025-07-17T00:00:00Z,N,NA,NA
minnesota,2011,1,1971-07-01T00:00:00Z,2025-07-17T00:00:00Z,N,NA,"Hospital moratorium from 1984 to June 30, 1987; 2004 public review"
mississippi,2011,1,1979-07-01T00:00:00Z,2025-07-17T00:00:00Z,N,NA,NA
missouri,2011,1,1980-10-01T00:00:00Z,2025-07-17T00:00:00Z,N,NA,NA
montana,2011,1,1975-04-16T00:00:00Z,2025-07-17T00:00:00Z,N,NA,"Repealed CON in 2019, generally, except for long-term care facilities"
nebraska,2011,1,1979-05-22T00:00:00Z,2025-07-17T00:00:00Z,N,NA,NA
nevada,2011,1,1972-07-01T00:00:00Z,2025-07-17T00:00:00Z,N,NA,NA
new hampshire,2011,1,1979-07-01T00:00:00Z,2025-07-17T00:00:00Z,N,NA,"Repealed CON June 30, 2016 and immediately implemented quasi-CON July 1, 2016"
new jersey,2011,1,1971-05-10T00:00:00Z,2025-07-17T00:00:00Z,N,NA,NA
new mexico,2011,0,1978-03-06T00:00:00Z,1981-01-01T00:00:00Z,N,NA,"Repealed CON, except for ambulance services"
new york,2011,1,1964-10-01T00:00:00Z,2025-07-17T00:00:00Z,N,NA,NA
north carolina,2011,1,1971-07-21T00:00:00Z,1973-03-28T00:00:00Z,Y,1979-01-01T00:00:00Z,NA
north dakota,2011,0,1971-03-27T00:00:00Z,1995-01-01T00:00:00Z,N,NA,NA
ohio,2011,1,1975-08-25T00:00:00Z,2025-07-17T00:00:00Z,N,NA,"Amendments added in March 15, 1979 and only regulates long-term care now"
oklahoma,2011,1,1971-04-08T00:00:00Z,2025-07-17T00:00:00Z,N,NA,"Repealed CON for Psychiatric and Chemical Dependency Facilities passed in 1989 on May 6, 2024"
oregon,2011,1,1971-07-01T00:00:00Z,2025-07-17T00:00:00Z,N,NA,NA
pennsylvania,2011,0,1979-10-01T00:00:00Z,1996-12-31T00:00:00Z,N,NA,"Original expiration date was December 31, 1992 but legislature extended law by 4-years"
rhode island,2011,1,1969-01-01T00:00:00Z,2025-07-17T00:00:00Z,N,NA,NA
south carolina,2011,1,1971-06-03T00:00:00Z,2025-07-17T00:00:00Z,N,NA,"CON laws subject to review January, 2027"
south dakota,2011,0,1972-02-09T00:00:00Z,1988-01-01T00:00:00Z,N,NA,NA
tennessee,2011,1,1973-07-01T00:00:00Z,2025-07-17T00:00:00Z,N,NA,NA
texas,2011,0,1971-05-26T00:00:00Z,1985-01-01T00:00:00Z,N,NA,NA
utah,2011,0,1979-05-08T00:00:00Z,1984-12-31T00:00:00Z,N,NA,NA
vermont,2011,1,1979-05-08T00:00:00Z,2025-07-17T00:00:00Z,N,NA,NA
virginia,2011,1,1973-03-09T00:00:00Z,2025-07-17T00:00:00Z,N,NA,NA
washington,2011,1,1979-05-11T00:00:00Z,2025-07-17T00:00:00Z,N,NA,NA
west virginia,2011,1,1977-07-08T00:00:00Z,2025-07-17T00:00:00Z,N,NA,NA
wisconsin,2011,1,1977-01-01T00:00:00Z,1987-08-06T00:00:00Z,Y,1992-05-12T00:00:00Z,"Reenacted approval process, “quasi-CON”"
wyoming,2011,1,1977-05-27T00:00:00Z,2025-07-17T00:00:00Z,N,NA,"Repealed CON in March 13, 1987, except for nursing homes"
alabama,2012,1,1979-07-30T00:00:00Z,2025-07-17T00:00:00Z,N,NA,NA
alaska,2012,1,1976-07-01T00:00:00Z,2025-07-17T00:00:00Z,N,NA,NA
arizona,2012,0,1975-06-12T00:00:00Z,1985-03-15T00:00:00Z,N,NA,Certificate of Necessity for ambulances passed in 1993
arkansas,2012,1,1975-03-25T00:00:00Z,1987-01-01T00:00:00Z,Y,1987-01-01T00:00:00Z,"Reinstated Permit of Approval program, more relaxed CON law"
california,2012,0,1976-09-09T00:00:00Z,1987-01-01T00:00:00Z,N,NA,NA
colorado,2012,0,1973-05-30T00:00:00Z,1987-07-01T00:00:00Z,N,NA,NA
connecticut,2012,1,1973-07-01T00:00:00Z,2025-07-17T00:00:00Z,N,NA,"CON for Long Term Care Facilities became effective July 1, 1993"
delaware,2012,1,1978-06-30T00:00:00Z,2025-07-17T00:00:00Z,N,NA,NA
florida,2012,1,1973-07-01T00:00:00Z,2025-07-17T00:00:00Z,N,NA,NA
georgia,2012,1,1979-07-01T00:00:00Z,2025-07-17T00:00:00Z,N,NA,NA
hawaii,2012,1,1975-07-01T00:00:00Z,2025-07-17T00:00:00Z,N,NA,NA
idaho,2012,0,1980-03-20T00:00:00Z,1983-07-01T00:00:00Z,N,NA,CON expired in 1983 but repealed in 2004
illinois,2012,1,1974-07-01T00:00:00Z,2025-07-17T00:00:00Z,N,NA,"CON laws subject to review December 31st, 2029"
indiana,2012,0,1980-01-01T00:00:00Z,1999-01-01T00:00:00Z,Y,2019-01-01T00:00:00Z,No CON laws in 1996; 2018 CON law only applies to nursing homes
iowa,2012,1,1978-07-01T00:00:00Z,2025-07-17T00:00:00Z,N,NA,NA
kansas,2012,0,1972-03-21T00:00:00Z,1985-04-23T00:00:00Z,N,NA,NA
kentucky,2012,1,1972-07-01T00:00:00Z,2025-07-17T00:00:00Z,N,NA,NA
louisiana,2012,1,1990-07-06T00:00:00Z,2025-07-17T00:00:00Z,N,NA,NA
maine,2012,1,1978-03-30T00:00:00Z,2025-07-17T00:00:00Z,N,NA,NA
maryland,2012,1,1968-01-01T00:00:00Z,2025-07-17T00:00:00Z,N,NA,NA
massachusetts,2012,1,1972-06-01T00:00:00Z,2025-07-17T00:00:00Z,N,NA,NA
michigan,2012,1,1972-08-08T00:00:00Z,2025-07-17T00:00:00Z,N,NA,NA
minnesota,2012,1,1971-07-01T00:00:00Z,2025-07-17T00:00:00Z,N,NA,"Hospital moratorium from 1984 to June 30, 1987; 2004 public review"
mississippi,2012,1,1979-07-01T00:00:00Z,2025-07-17T00:00:00Z,N,NA,NA
missouri,2012,1,1980-10-01T00:00:00Z,2025-07-17T00:00:00Z,N,NA,NA
montana,2012,1,1975-04-16T00:00:00Z,2025-07-17T00:00:00Z,N,NA,"Repealed CON in 2019, generally, except for long-term care facilities"
nebraska,2012,1,1979-05-22T00:00:00Z,2025-07-17T00:00:00Z,N,NA,NA
nevada,2012,1,1972-07-01T00:00:00Z,2025-07-17T00:00:00Z,N,NA,NA
new hampshire,2012,1,1979-07-01T00:00:00Z,2025-07-17T00:00:00Z,N,NA,"Repealed CON June 30, 2016 and immediately implemented quasi-CON July 1, 2016"
new jersey,2012,1,1971-05-10T00:00:00Z,2025-07-17T00:00:00Z,N,NA,NA
new mexico,2012,0,1978-03-06T00:00:00Z,1981-01-01T00:00:00Z,N,NA,"Repealed CON, except for ambulance services"
new york,2012,1,1964-10-01T00:00:00Z,2025-07-17T00:00:00Z,N,NA,NA
north carolina,2012,1,1971-07-21T00:00:00Z,1973-03-28T00:00:00Z,Y,1979-01-01T00:00:00Z,NA
north dakota,2012,0,1971-03-27T00:00:00Z,1995-01-01T00:00:00Z,N,NA,NA
ohio,2012,1,1975-08-25T00:00:00Z,2025-07-17T00:00:00Z,N,NA,"Amendments added in March 15, 1979 and only regulates long-term care now"
oklahoma,2012,1,1971-04-08T00:00:00Z,2025-07-17T00:00:00Z,N,NA,"Repealed CON for Psychiatric and Chemical Dependency Facilities passed in 1989 on May 6, 2024"
oregon,2012,1,1971-07-01T00:00:00Z,2025-07-17T00:00:00Z,N,NA,NA
pennsylvania,2012,0,1979-10-01T00:00:00Z,1996-12-31T00:00:00Z,N,NA,"Original expiration date was December 31, 1992 but legislature extended law by 4-years"
rhode island,2012,1,1969-01-01T00:00:00Z,2025-07-17T00:00:00Z,N,NA,NA
south carolina,2012,1,1971-06-03T00:00:00Z,2025-07-17T00:00:00Z,N,NA,"CON laws subject to review January, 2027"
south dakota,2012,0,1972-02-09T00:00:00Z,1988-01-01T00:00:00Z,N,NA,NA
tennessee,2012,1,1973-07-01T00:00:00Z,2025-07-17T00:00:00Z,N,NA,NA
texas,2012,0,1971-05-26T00:00:00Z,1985-01-01T00:00:00Z,N,NA,NA
utah,2012,0,1979-05-08T00:00:00Z,1984-12-31T00:00:00Z,N,NA,NA
vermont,2012,1,1979-05-08T00:00:00Z,2025-07-17T00:00:00Z,N,NA,NA
virginia,2012,1,1973-03-09T00:00:00Z,2025-07-17T00:00:00Z,N,NA,NA
washington,2012,1,1979-05-11T00:00:00Z,2025-07-17T00:00:00Z,N,NA,NA
west virginia,2012,1,1977-07-08T00:00:00Z,2025-07-17T00:00:00Z,N,NA,NA
wisconsin,2012,1,1977-01-01T00:00:00Z,1987-08-06T00:00:00Z,Y,1992-05-12T00:00:00Z,"Reenacted approval process, “quasi-CON”"
wyoming,2012,1,1977-05-27T00:00:00Z,2025-07-17T00:00:00Z,N,NA,"Repealed CON in March 13, 1987, except for nursing homes"
alabama,2013,1,1979-07-30T00:00:00Z,2025-07-17T00:00:00Z,N,NA,NA
alaska,2013,1,1976-07-01T00:00:00Z,2025-07-17T00:00:00Z,N,NA,NA
arizona,2013,0,1975-06-12T00:00:00Z,1985-03-15T00:00:00Z,N,NA,Certificate of Necessity for ambulances passed in 1993
arkansas,2013,1,1975-03-25T00:00:00Z,1987-01-01T00:00:00Z,Y,1987-01-01T00:00:00Z,"Reinstated Permit of Approval program, more relaxed CON law"
california,2013,0,1976-09-09T00:00:00Z,1987-01-01T00:00:00Z,N,NA,NA
colorado,2013,0,1973-05-30T00:00:00Z,1987-07-01T00:00:00Z,N,NA,NA
connecticut,2013,1,1973-07-01T00:00:00Z,2025-07-17T00:00:00Z,N,NA,"CON for Long Term Care Facilities became effective July 1, 1993"
delaware,2013,1,1978-06-30T00:00:00Z,2025-07-17T00:00:00Z,N,NA,NA
florida,2013,1,1973-07-01T00:00:00Z,2025-07-17T00:00:00Z,N,NA,NA
georgia,2013,1,1979-07-01T00:00:00Z,2025-07-17T00:00:00Z,N,NA,NA
hawaii,2013,1,1975-07-01T00:00:00Z,2025-07-17T00:00:00Z,N,NA,NA
idaho,2013,0,1980-03-20T00:00:00Z,1983-07-01T00:00:00Z,N,NA,CON expired in 1983 but repealed in 2004
illinois,2013,1,1974-07-01T00:00:00Z,2025-07-17T00:00:00Z,N,NA,"CON laws subject to review December 31st, 2029"
indiana,2013,0,1980-01-01T00:00:00Z,1999-01-01T00:00:00Z,Y,2019-01-01T00:00:00Z,No CON laws in 1996; 2018 CON law only applies to nursing homes
iowa,2013,1,1978-07-01T00:00:00Z,2025-07-17T00:00:00Z,N,NA,NA
kansas,2013,0,1972-03-21T00:00:00Z,1985-04-23T00:00:00Z,N,NA,NA
kentucky,2013,1,1972-07-01T00:00:00Z,2025-07-17T00:00:00Z,N,NA,NA
louisiana,2013,1,1990-07-06T00:00:00Z,2025-07-17T00:00:00Z,N,NA,NA
maine,2013,1,1978-03-30T00:00:00Z,2025-07-17T00:00:00Z,N,NA,NA
maryland,2013,1,1968-01-01T00:00:00Z,2025-07-17T00:00:00Z,N,NA,NA
massachusetts,2013,1,1972-06-01T00:00:00Z,2025-07-17T00:00:00Z,N,NA,NA
michigan,2013,1,1972-08-08T00:00:00Z,2025-07-17T00:00:00Z,N,NA,NA
minnesota,2013,1,1971-07-01T00:00:00Z,2025-07-17T00:00:00Z,N,NA,"Hospital moratorium from 1984 to June 30, 1987; 2004 public review"
mississippi,2013,1,1979-07-01T00:00:00Z,2025-07-17T00:00:00Z,N,NA,NA
missouri,2013,1,1980-10-01T00:00:00Z,2025-07-17T00:00:00Z,N,NA,NA
montana,2013,1,1975-04-16T00:00:00Z,2025-07-17T00:00:00Z,N,NA,"Repealed CON in 2019, generally, except for long-term care facilities"
nebraska,2013,1,1979-05-22T00:00:00Z,2025-07-17T00:00:00Z,N,NA,NA
nevada,2013,1,1972-07-01T00:00:00Z,2025-07-17T00:00:00Z,N,NA,NA
new hampshire,2013,1,1979-07-01T00:00:00Z,2025-07-17T00:00:00Z,N,NA,"Repealed CON June 30, 2016 and immediately implemented quasi-CON July 1, 2016"
new jersey,2013,1,1971-05-10T00:00:00Z,2025-07-17T00:00:00Z,N,NA,NA
new mexico,2013,0,1978-03-06T00:00:00Z,1981-01-01T00:00:00Z,N,NA,"Repealed CON, except for ambulance services"
new york,2013,1,1964-10-01T00:00:00Z,2025-07-17T00:00:00Z,N,NA,NA
north carolina,2013,1,1971-07-21T00:00:00Z,1973-03-28T00:00:00Z,Y,1979-01-01T00:00:00Z,NA
north dakota,2013,0,1971-03-27T00:00:00Z,1995-01-01T00:00:00Z,N,NA,NA
ohio,2013,1,1975-08-25T00:00:00Z,2025-07-17T00:00:00Z,N,NA,"Amendments added in March 15, 1979 and only regulates long-term care now"
oklahoma,2013,1,1971-04-08T00:00:00Z,2025-07-17T00:00:00Z,N,NA,"Repealed CON for Psychiatric and Chemical Dependency Facilities passed in 1989 on May 6, 2024"
oregon,2013,1,1971-07-01T00:00:00Z,2025-07-17T00:00:00Z,N,NA,NA
pennsylvania,2013,0,1979-10-01T00:00:00Z,1996-12-31T00:00:00Z,N,NA,"Original expiration date was December 31, 1992 but legislature extended law by 4-years"
rhode island,2013,1,1969-01-01T00:00:00Z,2025-07-17T00:00:00Z,N,NA,NA
south carolina,2013,1,1971-06-03T00:00:00Z,2025-07-17T00:00:00Z,N,NA,"CON laws subject to review January, 2027"
south dakota,2013,0,1972-02-09T00:00:00Z,1988-01-01T00:00:00Z,N,NA,NA
tennessee,2013,1,1973-07-01T00:00:00Z,2025-07-17T00:00:00Z,N,NA,NA
texas,2013,0,1971-05-26T00:00:00Z,1985-01-01T00:00:00Z,N,NA,NA
utah,2013,0,1979-05-08T00:00:00Z,1984-12-31T00:00:00Z,N,NA,NA
vermont,2013,1,1979-05-08T00:00:00Z,2025-07-17T00:00:00Z,N,NA,NA
virginia,2013,1,1973-03-09T00:00:00Z,2025-07-17T00:00:00Z,N,NA,NA
washington,2013,1,1979-05-11T00:00:00Z,2025-07-17T00:00:00Z,N,NA,NA
west virginia,2013,1,1977-07-08T00:00:00Z,2025-07-17T00:00:00Z,N,NA,NA
wisconsin,2013,1,1977-01-01T00:00:00Z,1987-08-06T00:00:00Z,Y,1992-05-12T00:00:00Z,"Reenacted approval process, “quasi-CON”"
wyoming,2013,1,1977-05-27T00:00:00Z,2025-07-17T00:00:00Z,N,NA,"Repealed CON in March 13, 1987, except for nursing homes"
alabama,2014,1,1979-07-30T00:00:00Z,2025-07-17T00:00:00Z,N,NA,NA
alaska,2014,1,1976-07-01T00:00:00Z,2025-07-17T00:00:00Z,N,NA,NA
arizona,2014,0,1975-06-12T00:00:00Z,1985-03-15T00:00:00Z,N,NA,Certificate of Necessity for ambulances passed in 1993
arkansas,2014,1,1975-03-25T00:00:00Z,1987-01-01T00:00:00Z,Y,1987-01-01T00:00:00Z,"Reinstated Permit of Approval program, more relaxed CON law"
california,2014,0,1976-09-09T00:00:00Z,1987-01-01T00:00:00Z,N,NA,NA
colorado,2014,0,1973-05-30T00:00:00Z,1987-07-01T00:00:00Z,N,NA,NA
connecticut,2014,1,1973-07-01T00:00:00Z,2025-07-17T00:00:00Z,N,NA,"CON for Long Term Care Facilities became effective July 1, 1993"
delaware,2014,1,1978-06-30T00:00:00Z,2025-07-17T00:00:00Z,N,NA,NA
florida,2014,1,1973-07-01T00:00:00Z,2025-07-17T00:00:00Z,N,NA,NA
georgia,2014,1,1979-07-01T00:00:00Z,2025-07-17T00:00:00Z,N,NA,NA
hawaii,2014,1,1975-07-01T00:00:00Z,2025-07-17T00:00:00Z,N,NA,NA
idaho,2014,0,1980-03-20T00:00:00Z,1983-07-01T00:00:00Z,N,NA,CON expired in 1983 but repealed in 2004
illinois,2014,1,1974-07-01T00:00:00Z,2025-07-17T00:00:00Z,N,NA,"CON laws subject to review December 31st, 2029"
indiana,2014,0,1980-01-01T00:00:00Z,1999-01-01T00:00:00Z,Y,2019-01-01T00:00:00Z,No CON laws in 1996; 2018 CON law only applies to nursing homes
iowa,2014,1,1978-07-01T00:00:00Z,2025-07-17T00:00:00Z,N,NA,NA
kansas,2014,0,1972-03-21T00:00:00Z,1985-04-23T00:00:00Z,N,NA,NA
kentucky,2014,1,1972-07-01T00:00:00Z,2025-07-17T00:00:00Z,N,NA,NA
louisiana,2014,1,1990-07-06T00:00:00Z,2025-07-17T00:00:00Z,N,NA,NA
maine,2014,1,1978-03-30T00:00:00Z,2025-07-17T00:00:00Z,N,NA,NA
maryland,2014,1,1968-01-01T00:00:00Z,2025-07-17T00:00:00Z,N,NA,NA
massachusetts,2014,1,1972-06-01T00:00:00Z,2025-07-17T00:00:00Z,N,NA,NA
michigan,2014,1,1972-08-08T00:00:00Z,2025-07-17T00:00:00Z,N,NA,NA
minnesota,2014,1,1971-07-01T00:00:00Z,2025-07-17T00:00:00Z,N,NA,"Hospital moratorium from 1984 to June 30, 1987; 2004 public review"
mississippi,2014,1,1979-07-01T00:00:00Z,2025-07-17T00:00:00Z,N,NA,NA
missouri,2014,1,1980-10-01T00:00:00Z,2025-07-17T00:00:00Z,N,NA,NA
montana,2014,1,1975-04-16T00:00:00Z,2025-07-17T00:00:00Z,N,NA,"Repealed CON in 2019, generally, except for long-term care facilities"
nebraska,2014,1,1979-05-22T00:00:00Z,2025-07-17T00:00:00Z,N,NA,NA
nevada,2014,1,1972-07-01T00:00:00Z,2025-07-17T00:00:00Z,N,NA,NA
new hampshire,2014,1,1979-07-01T00:00:00Z,2025-07-17T00:00:00Z,N,NA,"Repealed CON June 30, 2016 and immediately implemented quasi-CON July 1, 2016"
new jersey,2014,1,1971-05-10T00:00:00Z,2025-07-17T00:00:00Z,N,NA,NA
new mexico,2014,0,1978-03-06T00:00:00Z,1981-01-01T00:00:00Z,N,NA,"Repealed CON, except for ambulance services"
new york,2014,1,1964-10-01T00:00:00Z,2025-07-17T00:00:00Z,N,NA,NA
north carolina,2014,1,1971-07-21T00:00:00Z,1973-03-28T00:00:00Z,Y,1979-01-01T00:00:00Z,NA
north dakota,2014,0,1971-03-27T00:00:00Z,1995-01-01T00:00:00Z,N,NA,NA
ohio,2014,1,1975-08-25T00:00:00Z,2025-07-17T00:00:00Z,N,NA,"Amendments added in March 15, 1979 and only regulates long-term care now"
oklahoma,2014,1,1971-04-08T00:00:00Z,2025-07-17T00:00:00Z,N,NA,"Repealed CON for Psychiatric and Chemical Dependency Facilities passed in 1989 on May 6, 2024"
oregon,2014,1,1971-07-01T00:00:00Z,2025-07-17T00:00:00Z,N,NA,NA
pennsylvania,2014,0,1979-10-01T00:00:00Z,1996-12-31T00:00:00Z,N,NA,"Original expiration date was December 31, 1992 but legislature extended law by 4-years"
rhode island,2014,1,1969-01-01T00:00:00Z,2025-07-17T00:00:00Z,N,NA,NA
south carolina,2014,1,1971-06-03T00:00:00Z,2025-07-17T00:00:00Z,N,NA,"CON laws subject to review January, 2027"
south dakota,2014,0,1972-02-09T00:00:00Z,1988-01-01T00:00:00Z,N,NA,NA
tennessee,2014,1,1973-07-01T00:00:00Z,2025-07-17T00:00:00Z,N,NA,NA
texas,2014,0,1971-05-26T00:00:00Z,1985-01-01T00:00:00Z,N,NA,NA
utah,2014,0,1979-05-08T00:00:00Z,1984-12-31T00:00:00Z,N,NA,NA
vermont,2014,1,1979-05-08T00:00:00Z,2025-07-17T00:00:00Z,N,NA,NA
virginia,2014,1,1973-03-09T00:00:00Z,2025-07-17T00:00:00Z,N,NA,NA
washington,2014,1,1979-05-11T00:00:00Z,2025-07-17T00:00:00Z,N,NA,NA
west virginia,2014,1,1977-07-08T00:00:00Z,2025-07-17T00:00:00Z,N,NA,NA
wisconsin,2014,1,1977-01-01T00:00:00Z,1987-08-06T00:00:00Z,Y,1992-05-12T00:00:00Z,"Reenacted approval process, “quasi-CON”"
wyoming,2014,1,1977-05-27T00:00:00Z,2025-07-17T00:00:00Z,N,NA,"Repealed CON in March 13, 1987, except for nursing homes"
alabama,2015,1,1979-07-30T00:00:00Z,2025-07-17T00:00:00Z,N,NA,NA
alaska,2015,1,1976-07-01T00:00:00Z,2025-07-17T00:00:00Z,N,NA,NA
arizona,2015,0,1975-06-12T00:00:00Z,1985-03-15T00:00:00Z,N,NA,Certificate of Necessity for ambulances passed in 1993
arkansas,2015,1,1975-03-25T00:00:00Z,1987-01-01T00:00:00Z,Y,1987-01-01T00:00:00Z,"Reinstated Permit of Approval program, more relaxed CON law"
california,2015,0,1976-09-09T00:00:00Z,1987-01-01T00:00:00Z,N,NA,NA
colorado,2015,0,1973-05-30T00:00:00Z,1987-07-01T00:00:00Z,N,NA,NA
connecticut,2015,1,1973-07-01T00:00:00Z,2025-07-17T00:00:00Z,N,NA,"CON for Long Term Care Facilities became effective July 1, 1993"
delaware,2015,1,1978-06-30T00:00:00Z,2025-07-17T00:00:00Z,N,NA,NA
florida,2015,1,1973-07-01T00:00:00Z,2025-07-17T00:00:00Z,N,NA,NA
georgia,2015,1,1979-07-01T00:00:00Z,2025-07-17T00:00:00Z,N,NA,NA
hawaii,2015,1,1975-07-01T00:00:00Z,2025-07-17T00:00:00Z,N,NA,NA
idaho,2015,0,1980-03-20T00:00:00Z,1983-07-01T00:00:00Z,N,NA,CON expired in 1983 but repealed in 2004
illinois,2015,1,1974-07-01T00:00:00Z,2025-07-17T00:00:00Z,N,NA,"CON laws subject to review December 31st, 2029"
indiana,2015,0,1980-01-01T00:00:00Z,1999-01-01T00:00:00Z,Y,2019-01-01T00:00:00Z,No CON laws in 1996; 2018 CON law only applies to nursing homes
iowa,2015,1,1978-07-01T00:00:00Z,2025-07-17T00:00:00Z,N,NA,NA
kansas,2015,0,1972-03-21T00:00:00Z,1985-04-23T00:00:00Z,N,NA,NA
kentucky,2015,1,1972-07-01T00:00:00Z,2025-07-17T00:00:00Z,N,NA,NA
louisiana,2015,1,1990-07-06T00:00:00Z,2025-07-17T00:00:00Z,N,NA,NA
maine,2015,1,1978-03-30T00:00:00Z,2025-07-17T00:00:00Z,N,NA,NA
maryland,2015,1,1968-01-01T00:00:00Z,2025-07-17T00:00:00Z,N,NA,NA
massachusetts,2015,1,1972-06-01T00:00:00Z,2025-07-17T00:00:00Z,N,NA,NA
michigan,2015,1,1972-08-08T00:00:00Z,2025-07-17T00:00:00Z,N,NA,NA
minnesota,2015,1,1971-07-01T00:00:00Z,2025-07-17T00:00:00Z,N,NA,"Hospital moratorium from 1984 to June 30, 1987; 2004 public review"
mississippi,2015,1,1979-07-01T00:00:00Z,2025-07-17T00:00:00Z,N,NA,NA
missouri,2015,1,1980-10-01T00:00:00Z,2025-07-17T00:00:00Z,N,NA,NA
montana,2015,1,1975-04-16T00:00:00Z,2025-07-17T00:00:00Z,N,NA,"Repealed CON in 2019, generally, except for long-term care facilities"
nebraska,2015,1,1979-05-22T00:00:00Z,2025-07-17T00:00:00Z,N,NA,NA
nevada,2015,1,1972-07-01T00:00:00Z,2025-07-17T00:00:00Z,N,NA,NA
new hampshire,2015,1,1979-07-01T00:00:00Z,2025-07-17T00:00:00Z,N,NA,"Repealed CON June 30, 2016 and immediately implemented quasi-CON July 1, 2016"
new jersey,2015,1,1971-05-10T00:00:00Z,2025-07-17T00:00:00Z,N,NA,NA
new mexico,2015,0,1978-03-06T00:00:00Z,1981-01-01T00:00:00Z,N,NA,"Repealed CON, except for ambulance services"
new york,2015,1,1964-10-01T00:00:00Z,2025-07-17T00:00:00Z,N,NA,NA
north carolina,2015,1,1971-07-21T00:00:00Z,1973-03-28T00:00:00Z,Y,1979-01-01T00:00:00Z,NA
north dakota,2015,0,1971-03-27T00:00:00Z,1995-01-01T00:00:00Z,N,NA,NA
ohio,2015,1,1975-08-25T00:00:00Z,2025-07-17T00:00:00Z,N,NA,"Amendments added in March 15, 1979 and only regulates long-term care now"
oklahoma,2015,1,1971-04-08T00:00:00Z,2025-07-17T00:00:00Z,N,NA,"Repealed CON for Psychiatric and Chemical Dependency Facilities passed in 1989 on May 6, 2024"
oregon,2015,1,1971-07-01T00:00:00Z,2025-07-17T00:00:00Z,N,NA,NA
pennsylvania,2015,0,1979-10-01T00:00:00Z,1996-12-31T00:00:00Z,N,NA,"Original expiration date was December 31, 1992 but legislature extended law by 4-years"
rhode island,2015,1,1969-01-01T00:00:00Z,2025-07-17T00:00:00Z,N,NA,NA
south carolina,2015,1,1971-06-03T00:00:00Z,2025-07-17T00:00:00Z,N,NA,"CON laws subject to review January, 2027"
south dakota,2015,0,1972-02-09T00:00:00Z,1988-01-01T00:00:00Z,N,NA,NA
tennessee,2015,1,1973-07-01T00:00:00Z,2025-07-17T00:00:00Z,N,NA,NA
texas,2015,0,1971-05-26T00:00:00Z,1985-01-01T00:00:00Z,N,NA,NA
utah,2015,0,1979-05-08T00:00:00Z,1984-12-31T00:00:00Z,N,NA,NA
vermont,2015,1,1979-05-08T00:00:00Z,2025-07-17T00:00:00Z,N,NA,NA
virginia,2015,1,1973-03-09T00:00:00Z,2025-07-17T00:00:00Z,N,NA,NA
washington,2015,1,1979-05-11T00:00:00Z,2025-07-17T00:00:00Z,N,NA,NA
west virginia,2015,1,1977-07-08T00:00:00Z,2025-07-17T00:00:00Z,N,NA,NA
wisconsin,2015,1,1977-01-01T00:00:00Z,1987-08-06T00:00:00Z,Y,1992-05-12T00:00:00Z,"Reenacted approval process, “quasi-CON”"
wyoming,2015,1,1977-05-27T00:00:00Z,2025-07-17T00:00:00Z,N,NA,"Repealed CON in March 13, 1987, except for nursing homes"
alabama,2016,1,1979-07-30T00:00:00Z,2025-07-17T00:00:00Z,N,NA,NA
alaska,2016,1,1976-07-01T00:00:00Z,2025-07-17T00:00:00Z,N,NA,NA
arizona,2016,0,1975-06-12T00:00:00Z,1985-03-15T00:00:00Z,N,NA,Certificate of Necessity for ambulances passed in 1993
arkansas,2016,1,1975-03-25T00:00:00Z,1987-01-01T00:00:00Z,Y,1987-01-01T00:00:00Z,"Reinstated Permit of Approval program, more relaxed CON law"
california,2016,0,1976-09-09T00:00:00Z,1987-01-01T00:00:00Z,N,NA,NA
colorado,2016,0,1973-05-30T00:00:00Z,1987-07-01T00:00:00Z,N,NA,NA
connecticut,2016,1,1973-07-01T00:00:00Z,2025-07-17T00:00:00Z,N,NA,"CON for Long Term Care Facilities became effective July 1, 1993"
delaware,2016,1,1978-06-30T00:00:00Z,2025-07-17T00:00:00Z,N,NA,NA
florida,2016,1,1973-07-01T00:00:00Z,2025-07-17T00:00:00Z,N,NA,NA
georgia,2016,1,1979-07-01T00:00:00Z,2025-07-17T00:00:00Z,N,NA,NA
hawaii,2016,1,1975-07-01T00:00:00Z,2025-07-17T00:00:00Z,N,NA,NA
idaho,2016,0,1980-03-20T00:00:00Z,1983-07-01T00:00:00Z,N,NA,CON expired in 1983 but repealed in 2004
illinois,2016,1,1974-07-01T00:00:00Z,2025-07-17T00:00:00Z,N,NA,"CON laws subject to review December 31st, 2029"
indiana,2016,0,1980-01-01T00:00:00Z,1999-01-01T00:00:00Z,Y,2019-01-01T00:00:00Z,No CON laws in 1996; 2018 CON law only applies to nursing homes
iowa,2016,1,1978-07-01T00:00:00Z,2025-07-17T00:00:00Z,N,NA,NA
kansas,2016,0,1972-03-21T00:00:00Z,1985-04-23T00:00:00Z,N,NA,NA
kentucky,2016,1,1972-07-01T00:00:00Z,2025-07-17T00:00:00Z,N,NA,NA
louisiana,2016,1,1990-07-06T00:00:00Z,2025-07-17T00:00:00Z,N,NA,NA
maine,2016,1,1978-03-30T00:00:00Z,2025-07-17T00:00:00Z,N,NA,NA
maryland,2016,1,1968-01-01T00:00:00Z,2025-07-17T00:00:00Z,N,NA,NA
massachusetts,2016,1,1972-06-01T00:00:00Z,2025-07-17T00:00:00Z,N,NA,NA
michigan,2016,1,1972-08-08T00:00:00Z,2025-07-17T00:00:00Z,N,NA,NA
minnesota,2016,1,1971-07-01T00:00:00Z,2025-07-17T00:00:00Z,N,NA,"Hospital moratorium from 1984 to June 30, 1987; 2004 public review"
mississippi,2016,1,1979-07-01T00:00:00Z,2025-07-17T00:00:00Z,N,NA,NA
missouri,2016,1,1980-10-01T00:00:00Z,2025-07-17T00:00:00Z,N,NA,NA
montana,2016,1,1975-04-16T00:00:00Z,2025-07-17T00:00:00Z,N,NA,"Repealed CON in 2019, generally, except for long-term care facilities"
nebraska,2016,1,1979-05-22T00:00:00Z,2025-07-17T00:00:00Z,N,NA,NA
nevada,2016,1,1972-07-01T00:00:00Z,2025-07-17T00:00:00Z,N,NA,NA
new hampshire,2016,1,1979-07-01T00:00:00Z,2025-07-17T00:00:00Z,N,NA,"Repealed CON June 30, 2016 and immediately implemented quasi-CON July 1, 2016"
new jersey,2016,1,1971-05-10T00:00:00Z,2025-07-17T00:00:00Z,N,NA,NA
new mexico,2016,0,1978-03-06T00:00:00Z,1981-01-01T00:00:00Z,N,NA,"Repealed CON, except for ambulance services"
new york,2016,1,1964-10-01T00:00:00Z,2025-07-17T00:00:00Z,N,NA,NA
north carolina,2016,1,1971-07-21T00:00:00Z,1973-03-28T00:00:00Z,Y,1979-01-01T00:00:00Z,NA
north dakota,2016,0,1971-03-27T00:00:00Z,1995-01-01T00:00:00Z,N,NA,NA
ohio,2016,1,1975-08-25T00:00:00Z,2025-07-17T00:00:00Z,N,NA,"Amendments added in March 15, 1979 and only regulates long-term care now"
oklahoma,2016,1,1971-04-08T00:00:00Z,2025-07-17T00:00:00Z,N,NA,"Repealed CON for Psychiatric and Chemical Dependency Facilities passed in 1989 on May 6, 2024"
oregon,2016,1,1971-07-01T00:00:00Z,2025-07-17T00:00:00Z,N,NA,NA
pennsylvania,2016,0,1979-10-01T00:00:00Z,1996-12-31T00:00:00Z,N,NA,"Original expiration date was December 31, 1992 but legislature extended law by 4-years"
rhode island,2016,1,1969-01-01T00:00:00Z,2025-07-17T00:00:00Z,N,NA,NA
south carolina,2016,1,1971-06-03T00:00:00Z,2025-07-17T00:00:00Z,N,NA,"CON laws subject to review January, 2027"
south dakota,2016,0,1972-02-09T00:00:00Z,1988-01-01T00:00:00Z,N,NA,NA
tennessee,2016,1,1973-07-01T00:00:00Z,2025-07-17T00:00:00Z,N,NA,NA
texas,2016,0,1971-05-26T00:00:00Z,1985-01-01T00:00:00Z,N,NA,NA
utah,2016,0,1979-05-08T00:00:00Z,1984-12-31T00:00:00Z,N,NA,NA
vermont,2016,1,1979-05-08T00:00:00Z,2025-07-17T00:00:00Z,N,NA,NA
virginia,2016,1,1973-03-09T00:00:00Z,2025-07-17T00:00:00Z,N,NA,NA
washington,2016,1,1979-05-11T00:00:00Z,2025-07-17T00:00:00Z,N,NA,NA
west virginia,2016,1,1977-07-08T00:00:00Z,2025-07-17T00:00:00Z,N,NA,NA
wisconsin,2016,1,1977-01-01T00:00:00Z,1987-08-06T00:00:00Z,Y,1992-05-12T00:00:00Z,"Reenacted approval process, “quasi-CON”"
wyoming,2016,1,1977-05-27T00:00:00Z,2025-07-17T00:00:00Z,N,NA,"Repealed CON in March 13, 1987, except for nursing homes"
alabama,2017,1,1979-07-30T00:00:00Z,2025-07-17T00:00:00Z,N,NA,NA
alaska,2017,1,1976-07-01T00:00:00Z,2025-07-17T00:00:00Z,N,NA,NA
arizona,2017,0,1975-06-12T00:00:00Z,1985-03-15T00:00:00Z,N,NA,Certificate of Necessity for ambulances passed in 1993
arkansas,2017,1,1975-03-25T00:00:00Z,1987-01-01T00:00:00Z,Y,1987-01-01T00:00:00Z,"Reinstated Permit of Approval program, more relaxed CON law"
california,2017,0,1976-09-09T00:00:00Z,1987-01-01T00:00:00Z,N,NA,NA
colorado,2017,0,1973-05-30T00:00:00Z,1987-07-01T00:00:00Z,N,NA,NA
connecticut,2017,1,1973-07-01T00:00:00Z,2025-07-17T00:00:00Z,N,NA,"CON for Long Term Care Facilities became effective July 1, 1993"
delaware,2017,1,1978-06-30T00:00:00Z,2025-07-17T00:00:00Z,N,NA,NA
florida,2017,1,1973-07-01T00:00:00Z,2025-07-17T00:00:00Z,N,NA,NA
georgia,2017,1,1979-07-01T00:00:00Z,2025-07-17T00:00:00Z,N,NA,NA
hawaii,2017,1,1975-07-01T00:00:00Z,2025-07-17T00:00:00Z,N,NA,NA
idaho,2017,0,1980-03-20T00:00:00Z,1983-07-01T00:00:00Z,N,NA,CON expired in 1983 but repealed in 2004
illinois,2017,1,1974-07-01T00:00:00Z,2025-07-17T00:00:00Z,N,NA,"CON laws subject to review December 31st, 2029"
indiana,2017,0,1980-01-01T00:00:00Z,1999-01-01T00:00:00Z,Y,2019-01-01T00:00:00Z,No CON laws in 1996; 2018 CON law only applies to nursing homes
iowa,2017,1,1978-07-01T00:00:00Z,2025-07-17T00:00:00Z,N,NA,NA
kansas,2017,0,1972-03-21T00:00:00Z,1985-04-23T00:00:00Z,N,NA,NA
kentucky,2017,1,1972-07-01T00:00:00Z,2025-07-17T00:00:00Z,N,NA,NA
louisiana,2017,1,1990-07-06T00:00:00Z,2025-07-17T00:00:00Z,N,NA,NA
maine,2017,1,1978-03-30T00:00:00Z,2025-07-17T00:00:00Z,N,NA,NA
maryland,2017,1,1968-01-01T00:00:00Z,2025-07-17T00:00:00Z,N,NA,NA
massachusetts,2017,1,1972-06-01T00:00:00Z,2025-07-17T00:00:00Z,N,NA,NA
michigan,2017,1,1972-08-08T00:00:00Z,2025-07-17T00:00:00Z,N,NA,NA
minnesota,2017,1,1971-07-01T00:00:00Z,2025-07-17T00:00:00Z,N,NA,"Hospital moratorium from 1984 to June 30, 1987; 2004 public review"
mississippi,2017,1,1979-07-01T00:00:00Z,2025-07-17T00:00:00Z,N,NA,NA
missouri,2017,1,1980-10-01T00:00:00Z,2025-07-17T00:00:00Z,N,NA,NA
montana,2017,1,1975-04-16T00:00:00Z,2025-07-17T00:00:00Z,N,NA,"Repealed CON in 2019, generally, except for long-term care facilities"
nebraska,2017,1,1979-05-22T00:00:00Z,2025-07-17T00:00:00Z,N,NA,NA
nevada,2017,1,1972-07-01T00:00:00Z,2025-07-17T00:00:00Z,N,NA,NA
new hampshire,2017,1,1979-07-01T00:00:00Z,2025-07-17T00:00:00Z,N,NA,"Repealed CON June 30, 2016 and immediately implemented quasi-CON July 1, 2016"
new jersey,2017,1,1971-05-10T00:00:00Z,2025-07-17T00:00:00Z,N,NA,NA
new mexico,2017,0,1978-03-06T00:00:00Z,1981-01-01T00:00:00Z,N,NA,"Repealed CON, except for ambulance services"
new york,2017,1,1964-10-01T00:00:00Z,2025-07-17T00:00:00Z,N,NA,NA
north carolina,2017,1,1971-07-21T00:00:00Z,1973-03-28T00:00:00Z,Y,1979-01-01T00:00:00Z,NA
north dakota,2017,0,1971-03-27T00:00:00Z,1995-01-01T00:00:00Z,N,NA,NA
ohio,2017,1,1975-08-25T00:00:00Z,2025-07-17T00:00:00Z,N,NA,"Amendments added in March 15, 1979 and only regulates long-term care now"
oklahoma,2017,1,1971-04-08T00:00:00Z,2025-07-17T00:00:00Z,N,NA,"Repealed CON for Psychiatric and Chemical Dependency Facilities passed in 1989 on May 6, 2024"
oregon,2017,1,1971-07-01T00:00:00Z,2025-07-17T00:00:00Z,N,NA,NA
pennsylvania,2017,0,1979-10-01T00:00:00Z,1996-12-31T00:00:00Z,N,NA,"Original expiration date was December 31, 1992 but legislature extended law by 4-years"
rhode island,2017,1,1969-01-01T00:00:00Z,2025-07-17T00:00:00Z,N,NA,NA
south carolina,2017,1,1971-06-03T00:00:00Z,2025-07-17T00:00:00Z,N,NA,"CON laws subject to review January, 2027"
south dakota,2017,0,1972-02-09T00:00:00Z,1988-01-01T00:00:00Z,N,NA,NA
tennessee,2017,1,1973-07-01T00:00:00Z,2025-07-17T00:00:00Z,N,NA,NA
texas,2017,0,1971-05-26T00:00:00Z,1985-01-01T00:00:00Z,N,NA,NA
utah,2017,0,1979-05-08T00:00:00Z,1984-12-31T00:00:00Z,N,NA,NA
vermont,2017,1,1979-05-08T00:00:00Z,2025-07-17T00:00:00Z,N,NA,NA
virginia,2017,1,1973-03-09T00:00:00Z,2025-07-17T00:00:00Z,N,NA,NA
washington,2017,1,1979-05-11T00:00:00Z,2025-07-17T00:00:00Z,N,NA,NA
west virginia,2017,1,1977-07-08T00:00:00Z,2025-07-17T00:00:00Z,N,NA,NA
wisconsin,2017,1,1977-01-01T00:00:00Z,1987-08-06T00:00:00Z,Y,1992-05-12T00:00:00Z,"Reenacted approval process, “quasi-CON”"
wyoming,2017,1,1977-05-27T00:00:00Z,2025-07-17T00:00:00Z,N,NA,"Repealed CON in March 13, 1987, except for nursing homes"
alabama,2018,1,1979-07-30T00:00:00Z,2025-07-17T00:00:00Z,N,NA,NA
alaska,2018,1,1976-07-01T00:00:00Z,2025-07-17T00:00:00Z,N,NA,NA
arizona,2018,0,1975-06-12T00:00:00Z,1985-03-15T00:00:00Z,N,NA,Certificate of Necessity for ambulances passed in 1993
arkansas,2018,1,1975-03-25T00:00:00Z,1987-01-01T00:00:00Z,Y,1987-01-01T00:00:00Z,"Reinstated Permit of Approval program, more relaxed CON law"
california,2018,0,1976-09-09T00:00:00Z,1987-01-01T00:00:00Z,N,NA,NA
colorado,2018,0,1973-05-30T00:00:00Z,1987-07-01T00:00:00Z,N,NA,NA
connecticut,2018,1,1973-07-01T00:00:00Z,2025-07-17T00:00:00Z,N,NA,"CON for Long Term Care Facilities became effective July 1, 1993"
delaware,2018,1,1978-06-30T00:00:00Z,2025-07-17T00:00:00Z,N,NA,NA
florida,2018,1,1973-07-01T00:00:00Z,2025-07-17T00:00:00Z,N,NA,NA
georgia,2018,1,1979-07-01T00:00:00Z,2025-07-17T00:00:00Z,N,NA,NA
hawaii,2018,1,1975-07-01T00:00:00Z,2025-07-17T00:00:00Z,N,NA,NA
idaho,2018,0,1980-03-20T00:00:00Z,1983-07-01T00:00:00Z,N,NA,CON expired in 1983 but repealed in 2004
illinois,2018,1,1974-07-01T00:00:00Z,2025-07-17T00:00:00Z,N,NA,"CON laws subject to review December 31st, 2029"
indiana,2018,0,1980-01-01T00:00:00Z,1999-01-01T00:00:00Z,Y,2019-01-01T00:00:00Z,No CON laws in 1996; 2018 CON law only applies to nursing homes
iowa,2018,1,1978-07-01T00:00:00Z,2025-07-17T00:00:00Z,N,NA,NA
kansas,2018,0,1972-03-21T00:00:00Z,1985-04-23T00:00:00Z,N,NA,NA
kentucky,2018,1,1972-07-01T00:00:00Z,2025-07-17T00:00:00Z,N,NA,NA
louisiana,2018,1,1990-07-06T00:00:00Z,2025-07-17T00:00:00Z,N,NA,NA
maine,2018,1,1978-03-30T00:00:00Z,2025-07-17T00:00:00Z,N,NA,NA
maryland,2018,1,1968-01-01T00:00:00Z,2025-07-17T00:00:00Z,N,NA,NA
massachusetts,2018,1,1972-06-01T00:00:00Z,2025-07-17T00:00:00Z,N,NA,NA
michigan,2018,1,1972-08-08T00:00:00Z,2025-07-17T00:00:00Z,N,NA,NA
minnesota,2018,1,1971-07-01T00:00:00Z,2025-07-17T00:00:00Z,N,NA,"Hospital moratorium from 1984 to June 30, 1987; 2004 public review"
mississippi,2018,1,1979-07-01T00:00:00Z,2025-07-17T00:00:00Z,N,NA,NA
missouri,2018,1,1980-10-01T00:00:00Z,2025-07-17T00:00:00Z,N,NA,NA
montana,2018,1,1975-04-16T00:00:00Z,2025-07-17T00:00:00Z,N,NA,"Repealed CON in 2019, generally, except for long-term care facilities"
nebraska,2018,1,1979-05-22T00:00:00Z,2025-07-17T00:00:00Z,N,NA,NA
nevada,2018,1,1972-07-01T00:00:00Z,2025-07-17T00:00:00Z,N,NA,NA
new hampshire,2018,1,1979-07-01T00:00:00Z,2025-07-17T00:00:00Z,N,NA,"Repealed CON June 30, 2016 and immediately implemented quasi-CON July 1, 2016"
new jersey,2018,1,1971-05-10T00:00:00Z,2025-07-17T00:00:00Z,N,NA,NA
new mexico,2018,0,1978-03-06T00:00:00Z,1981-01-01T00:00:00Z,N,NA,"Repealed CON, except for ambulance services"
new york,2018,1,1964-10-01T00:00:00Z,2025-07-17T00:00:00Z,N,NA,NA
north carolina,2018,1,1971-07-21T00:00:00Z,1973-03-28T00:00:00Z,Y,1979-01-01T00:00:00Z,NA
north dakota,2018,0,1971-03-27T00:00:00Z,1995-01-01T00:00:00Z,N,NA,NA
ohio,2018,1,1975-08-25T00:00:00Z,2025-07-17T00:00:00Z,N,NA,"Amendments added in March 15, 1979 and only regulates long-term care now"
oklahoma,2018,1,1971-04-08T00:00:00Z,2025-07-17T00:00:00Z,N,NA,"Repealed CON for Psychiatric and Chemical Dependency Facilities passed in 1989 on May 6, 2024"
oregon,2018,1,1971-07-01T00:00:00Z,2025-07-17T00:00:00Z,N,NA,NA
pennsylvania,2018,0,1979-10-01T00:00:00Z,1996-12-31T00:00:00Z,N,NA,"Original expiration date was December 31, 1992 but legislature extended law by 4-years"
rhode island,2018,1,1969-01-01T00:00:00Z,2025-07-17T00:00:00Z,N,NA,NA
south carolina,2018,1,1971-06-03T00:00:00Z,2025-07-17T00:00:00Z,N,NA,"CON laws subject to review January, 2027"
south dakota,2018,0,1972-02-09T00:00:00Z,1988-01-01T00:00:00Z,N,NA,NA
tennessee,2018,1,1973-07-01T00:00:00Z,2025-07-17T00:00:00Z,N,NA,NA
texas,2018,0,1971-05-26T00:00:00Z,1985-01-01T00:00:00Z,N,NA,NA
utah,2018,0,1979-05-08T00:00:00Z,1984-12-31T00:00:00Z,N,NA,NA
vermont,2018,1,1979-05-08T00:00:00Z,2025-07-17T00:00:00Z,N,NA,NA
virginia,2018,1,1973-03-09T00:00:00Z,2025-07-17T00:00:00Z,N,NA,NA
washington,2018,1,1979-05-11T00:00:00Z,2025-07-17T00:00:00Z,N,NA,NA
west virginia,2018,1,1977-07-08T00:00:00Z,2025-07-17T00:00:00Z,N,NA,NA
wisconsin,2018,1,1977-01-01T00:00:00Z,1987-08-06T00:00:00Z,Y,1992-05-12T00:00:00Z,"Reenacted approval process, “quasi-CON”"
wyoming,2018,1,1977-05-27T00:00:00Z,2025-07-17T00:00:00Z,N,NA,"Repealed CON in March 13, 1987, except for nursing homes"
alabama,2019,1,1979-07-30T00:00:00Z,2025-07-17T00:00:00Z,N,NA,NA
alaska,2019,1,1976-07-01T00:00:00Z,2025-07-17T00:00:00Z,N,NA,NA
arizona,2019,0,1975-06-12T00:00:00Z,1985-03-15T00:00:00Z,N,NA,Certificate of Necessity for ambulances passed in 1993
arkansas,2019,1,1975-03-25T00:00:00Z,1987-01-01T00:00:00Z,Y,1987-01-01T00:00:00Z,"Reinstated Permit of Approval program, more relaxed CON law"
california,2019,0,1976-09-09T00:00:00Z,1987-01-01T00:00:00Z,N,NA,NA
colorado,2019,0,1973-05-30T00:00:00Z,1987-07-01T00:00:00Z,N,NA,NA
connecticut,2019,1,1973-07-01T00:00:00Z,2025-07-17T00:00:00Z,N,NA,"CON for Long Term Care Facilities became effective July 1, 1993"
delaware,2019,1,1978-06-30T00:00:00Z,2025-07-17T00:00:00Z,N,NA,NA
florida,2019,1,1973-07-01T00:00:00Z,2025-07-17T00:00:00Z,N,NA,NA
georgia,2019,1,1979-07-01T00:00:00Z,2025-07-17T00:00:00Z,N,NA,NA
hawaii,2019,1,1975-07-01T00:00:00Z,2025-07-17T00:00:00Z,N,NA,NA
idaho,2019,0,1980-03-20T00:00:00Z,1983-07-01T00:00:00Z,N,NA,CON expired in 1983 but repealed in 2004
illinois,2019,1,1974-07-01T00:00:00Z,2025-07-17T00:00:00Z,N,NA,"CON laws subject to review December 31st, 2029"
indiana,2019,1,1980-01-01T00:00:00Z,1999-01-01T00:00:00Z,Y,2019-01-01T00:00:00Z,No CON laws in 1996; 2018 CON law only applies to nursing homes
iowa,2019,1,1978-07-01T00:00:00Z,2025-07-17T00:00:00Z,N,NA,NA
kansas,2019,0,1972-03-21T00:00:00Z,1985-04-23T00:00:00Z,N,NA,NA
kentucky,2019,1,1972-07-01T00:00:00Z,2025-07-17T00:00:00Z,N,NA,NA
louisiana,2019,1,1990-07-06T00:00:00Z,2025-07-17T00:00:00Z,N,NA,NA
maine,2019,1,1978-03-30T00:00:00Z,2025-07-17T00:00:00Z,N,NA,NA
maryland,2019,1,1968-01-01T00:00:00Z,2025-07-17T00:00:00Z,N,NA,NA
massachusetts,2019,1,1972-06-01T00:00:00Z,2025-07-17T00:00:00Z,N,NA,NA
michigan,2019,1,1972-08-08T00:00:00Z,2025-07-17T00:00:00Z,N,NA,NA
minnesota,2019,1,1971-07-01T00:00:00Z,2025-07-17T00:00:00Z,N,NA,"Hospital moratorium from 1984 to June 30, 1987; 2004 public review"
mississippi,2019,1,1979-07-01T00:00:00Z,2025-07-17T00:00:00Z,N,NA,NA
missouri,2019,1,1980-10-01T00:00:00Z,2025-07-17T00:00:00Z,N,NA,NA
montana,2019,1,1975-04-16T00:00:00Z,2025-07-17T00:00:00Z,N,NA,"Repealed CON in 2019, generally, except for long-term care facilities"
nebraska,2019,1,1979-05-22T00:00:00Z,2025-07-17T00:00:00Z,N,NA,NA
nevada,2019,1,1972-07-01T00:00:00Z,2025-07-17T00:00:00Z,N,NA,NA
new hampshire,2019,1,1979-07-01T00:00:00Z,2025-07-17T00:00:00Z,N,NA,"Repealed CON June 30, 2016 and immediately implemented quasi-CON July 1, 2016"
new jersey,2019,1,1971-05-10T00:00:00Z,2025-07-17T00:00:00Z,N,NA,NA
new mexico,2019,0,1978-03-06T00:00:00Z,1981-01-01T00:00:00Z,N,NA,"Repealed CON, except for ambulance services"
new york,2019,1,1964-10-01T00:00:00Z,2025-07-17T00:00:00Z,N,NA,NA
north carolina,2019,1,1971-07-21T00:00:00Z,1973-03-28T00:00:00Z,Y,1979-01-01T00:00:00Z,NA
north dakota,2019,0,1971-03-27T00:00:00Z,1995-01-01T00:00:00Z,N,NA,NA
ohio,2019,1,1975-08-25T00:00:00Z,2025-07-17T00:00:00Z,N,NA,"Amendments added in March 15, 1979 and only regulates long-term care now"
oklahoma,2019,1,1971-04-08T00:00:00Z,2025-07-17T00:00:00Z,N,NA,"Repealed CON for Psychiatric and Chemical Dependency Facilities passed in 1989 on May 6, 2024"
oregon,2019,1,1971-07-01T00:00:00Z,2025-07-17T00:00:00Z,N,NA,NA
pennsylvania,2019,0,1979-10-01T00:00:00Z,1996-12-31T00:00:00Z,N,NA,"Original expiration date was December 31, 1992 but legislature extended law by 4-years"
rhode island,2019,1,1969-01-01T00:00:00Z,2025-07-17T00:00:00Z,N,NA,NA
south carolina,2019,1,1971-06-03T00:00:00Z,2025-07-17T00:00:00Z,N,NA,"CON laws subject to review January, 2027"
south dakota,2019,0,1972-02-09T00:00:00Z,1988-01-01T00:00:00Z,N,NA,NA
tennessee,2019,1,1973-07-01T00:00:00Z,2025-07-17T00:00:00Z,N,NA,NA
texas,2019,0,1971-05-26T00:00:00Z,1985-01-01T00:00:00Z,N,NA,NA
utah,2019,0,1979-05-08T00:00:00Z,1984-12-31T00:00:00Z,N,NA,NA
vermont,2019,1,1979-05-08T00:00:00Z,2025-07-17T00:00:00Z,N,NA,NA
virginia,2019,1,1973-03-09T00:00:00Z,2025-07-17T00:00:00Z,N,NA,NA
washington,2019,1,1979-05-11T00:00:00Z,2025-07-17T00:00:00Z,N,NA,NA
west virginia,2019,1,1977-07-08T00:00:00Z,2025-07-17T00:00:00Z,N,NA,NA
wisconsin,2019,1,1977-01-01T00:00:00Z,1987-08-06T00:00:00Z,Y,1992-05-12T00:00:00Z,"Reenacted approval process, “quasi-CON”"
wyoming,2019,1,1977-05-27T00:00:00Z,2025-07-17T00:00:00Z,N,NA,"Repealed CON in March 13, 1987, except for nursing homes"
alabama,2020,1,1979-07-30T00:00:00Z,2025-07-17T00:00:00Z,N,NA,NA
alaska,2020,1,1976-07-01T00:00:00Z,2025-07-17T00:00:00Z,N,NA,NA
arizona,2020,0,1975-06-12T00:00:00Z,1985-03-15T00:00:00Z,N,NA,Certificate of Necessity for ambulances passed in 1993
arkansas,2020,1,1975-03-25T00:00:00Z,1987-01-01T00:00:00Z,Y,1987-01-01T00:00:00Z,"Reinstated Permit of Approval program, more relaxed CON law"
california,2020,0,1976-09-09T00:00:00Z,1987-01-01T00:00:00Z,N,NA,NA
colorado,2020,0,1973-05-30T00:00:00Z,1987-07-01T00:00:00Z,N,NA,NA
connecticut,2020,1,1973-07-01T00:00:00Z,2025-07-17T00:00:00Z,N,NA,"CON for Long Term Care Facilities became effective July 1, 1993"
delaware,2020,1,1978-06-30T00:00:00Z,2025-07-17T00:00:00Z,N,NA,NA
florida,2020,1,1973-07-01T00:00:00Z,2025-07-17T00:00:00Z,N,NA,NA
georgia,2020,1,1979-07-01T00:00:00Z,2025-07-17T00:00:00Z,N,NA,NA
hawaii,2020,1,1975-07-01T00:00:00Z,2025-07-17T00:00:00Z,N,NA,NA
idaho,2020,0,1980-03-20T00:00:00Z,1983-07-01T00:00:00Z,N,NA,CON expired in 1983 but repealed in 2004
illinois,2020,1,1974-07-01T00:00:00Z,2025-07-17T00:00:00Z,N,NA,"CON laws subject to review December 31st, 2029"
indiana,2020,1,1980-01-01T00:00:00Z,1999-01-01T00:00:00Z,Y,2019-01-01T00:00:00Z,No CON laws in 1996; 2018 CON law only applies to nursing homes
iowa,2020,1,1978-07-01T00:00:00Z,2025-07-17T00:00:00Z,N,NA,NA
kansas,2020,0,1972-03-21T00:00:00Z,1985-04-23T00:00:00Z,N,NA,NA
kentucky,2020,1,1972-07-01T00:00:00Z,2025-07-17T00:00:00Z,N,NA,NA
louisiana,2020,1,1990-07-06T00:00:00Z,2025-07-17T00:00:00Z,N,NA,NA
maine,2020,1,1978-03-30T00:00:00Z,2025-07-17T00:00:00Z,N,NA,NA
maryland,2020,1,1968-01-01T00:00:00Z,2025-07-17T00:00:00Z,N,NA,NA
massachusetts,2020,1,1972-06-01T00:00:00Z,2025-07-17T00:00:00Z,N,NA,NA
michigan,2020,1,1972-08-08T00:00:00Z,2025-07-17T00:00:00Z,N,NA,NA
minnesota,2020,1,1971-07-01T00:00:00Z,2025-07-17T00:00:00Z,N,NA,"Hospital moratorium from 1984 to June 30, 1987; 2004 public review"
mississippi,2020,1,1979-07-01T00:00:00Z,2025-07-17T00:00:00Z,N,NA,NA
missouri,2020,1,1980-10-01T00:00:00Z,2025-07-17T00:00:00Z,N,NA,NA
montana,2020,1,1975-04-16T00:00:00Z,2025-07-17T00:00:00Z,N,NA,"Repealed CON in 2019, generally, except for long-term care facilities"
nebraska,2020,1,1979-05-22T00:00:00Z,2025-07-17T00:00:00Z,N,NA,NA
nevada,2020,1,1972-07-01T00:00:00Z,2025-07-17T00:00:00Z,N,NA,NA
new hampshire,2020,1,1979-07-01T00:00:00Z,2025-07-17T00:00:00Z,N,NA,"Repealed CON June 30, 2016 and immediately implemented quasi-CON July 1, 2016"
new jersey,2020,1,1971-05-10T00:00:00Z,2025-07-17T00:00:00Z,N,NA,NA
new mexico,2020,0,1978-03-06T00:00:00Z,1981-01-01T00:00:00Z,N,NA,"Repealed CON, except for ambulance services"
new york,2020,1,1964-10-01T00:00:00Z,2025-07-17T00:00:00Z,N,NA,NA
north carolina,2020,1,1971-07-21T00:00:00Z,1973-03-28T00:00:00Z,Y,1979-01-01T00:00:00Z,NA
north dakota,2020,0,1971-03-27T00:00:00Z,1995-01-01T00:00:00Z,N,NA,NA
ohio,2020,1,1975-08-25T00:00:00Z,2025-07-17T00:00:00Z,N,NA,"Amendments added in March 15, 1979 and only regulates long-term care now"
oklahoma,2020,1,1971-04-08T00:00:00Z,2025-07-17T00:00:00Z,N,NA,"Repealed CON for Psychiatric and Chemical Dependency Facilities passed in 1989 on May 6, 2024"
oregon,2020,1,1971-07-01T00:00:00Z,2025-07-17T00:00:00Z,N,NA,NA
pennsylvania,2020,0,1979-10-01T00:00:00Z,1996-12-31T00:00:00Z,N,NA,"Original expiration date was December 31, 1992 but legislature extended law by 4-years"
rhode island,2020,1,1969-01-01T00:00:00Z,2025-07-17T00:00:00Z,N,NA,NA
south carolina,2020,1,1971-06-03T00:00:00Z,2025-07-17T00:00:00Z,N,NA,"CON laws subject to review January, 2027"
south dakota,2020,0,1972-02-09T00:00:00Z,1988-01-01T00:00:00Z,N,NA,NA
tennessee,2020,1,1973-07-01T00:00:00Z,2025-07-17T00:00:00Z,N,NA,NA
texas,2020,0,1971-05-26T00:00:00Z,1985-01-01T00:00:00Z,N,NA,NA
utah,2020,0,1979-05-08T00:00:00Z,1984-12-31T00:00:00Z,N,NA,NA
vermont,2020,1,1979-05-08T00:00:00Z,2025-07-17T00:00:00Z,N,NA,NA
virginia,2020,1,1973-03-09T00:00:00Z,2025-07-17T00:00:00Z,N,NA,NA
washington,2020,1,1979-05-11T00:00:00Z,2025-07-17T00:00:00Z,N,NA,NA
west virginia,2020,1,1977-07-08T00:00:00Z,2025-07-17T00:00:00Z,N,NA,NA
wisconsin,2020,1,1977-01-01T00:00:00Z,1987-08-06T00:00:00Z,Y,1992-05-12T00:00:00Z,"Reenacted approval process, “quasi-CON”"
wyoming,2020,1,1977-05-27T00:00:00Z,2025-07-17T00:00:00Z,N,NA,"Repealed CON in March 13, 1987, except for nursing homes"
alabama,2021,1,1979-07-30T00:00:00Z,2025-07-17T00:00:00Z,N,NA,NA
alaska,2021,1,1976-07-01T00:00:00Z,2025-07-17T00:00:00Z,N,NA,NA
arizona,2021,0,1975-06-12T00:00:00Z,1985-03-15T00:00:00Z,N,NA,Certificate of Necessity for ambulances passed in 1993
arkansas,2021,1,1975-03-25T00:00:00Z,1987-01-01T00:00:00Z,Y,1987-01-01T00:00:00Z,"Reinstated Permit of Approval program, more relaxed CON law"
california,2021,0,1976-09-09T00:00:00Z,1987-01-01T00:00:00Z,N,NA,NA
colorado,2021,0,1973-05-30T00:00:00Z,1987-07-01T00:00:00Z,N,NA,NA
connecticut,2021,1,1973-07-01T00:00:00Z,2025-07-17T00:00:00Z,N,NA,"CON for Long Term Care Facilities became effective July 1, 1993"
delaware,2021,1,1978-06-30T00:00:00Z,2025-07-17T00:00:00Z,N,NA,NA
florida,2021,1,1973-07-01T00:00:00Z,2025-07-17T00:00:00Z,N,NA,NA
georgia,2021,1,1979-07-01T00:00:00Z,2025-07-17T00:00:00Z,N,NA,NA
hawaii,2021,1,1975-07-01T00:00:00Z,2025-07-17T00:00:00Z,N,NA,NA
idaho,2021,0,1980-03-20T00:00:00Z,1983-07-01T00:00:00Z,N,NA,CON expired in 1983 but repealed in 2004
illinois,2021,1,1974-07-01T00:00:00Z,2025-07-17T00:00:00Z,N,NA,"CON laws subject to review December 31st, 2029"
indiana,2021,1,1980-01-01T00:00:00Z,1999-01-01T00:00:00Z,Y,2019-01-01T00:00:00Z,No CON laws in 1996; 2018 CON law only applies to nursing homes
iowa,2021,1,1978-07-01T00:00:00Z,2025-07-17T00:00:00Z,N,NA,NA
kansas,2021,0,1972-03-21T00:00:00Z,1985-04-23T00:00:00Z,N,NA,NA
kentucky,2021,1,1972-07-01T00:00:00Z,2025-07-17T00:00:00Z,N,NA,NA
louisiana,2021,1,1990-07-06T00:00:00Z,2025-07-17T00:00:00Z,N,NA,NA
maine,2021,1,1978-03-30T00:00:00Z,2025-07-17T00:00:00Z,N,NA,NA
maryland,2021,1,1968-01-01T00:00:00Z,2025-07-17T00:00:00Z,N,NA,NA
massachusetts,2021,1,1972-06-01T00:00:00Z,2025-07-17T00:00:00Z,N,NA,NA
michigan,2021,1,1972-08-08T00:00:00Z,2025-07-17T00:00:00Z,N,NA,NA
minnesota,2021,1,1971-07-01T00:00:00Z,2025-07-17T00:00:00Z,N,NA,"Hospital moratorium from 1984 to June 30, 1987; 2004 public review"
mississippi,2021,1,1979-07-01T00:00:00Z,2025-07-17T00:00:00Z,N,NA,NA
missouri,2021,1,1980-10-01T00:00:00Z,2025-07-17T00:00:00Z,N,NA,NA
montana,2021,1,1975-04-16T00:00:00Z,2025-07-17T00:00:00Z,N,NA,"Repealed CON in 2019, generally, except for long-term care facilities"
nebraska,2021,1,1979-05-22T00:00:00Z,2025-07-17T00:00:00Z,N,NA,NA
nevada,2021,1,1972-07-01T00:00:00Z,2025-07-17T00:00:00Z,N,NA,NA
new hampshire,2021,1,1979-07-01T00:00:00Z,2025-07-17T00:00:00Z,N,NA,"Repealed CON June 30, 2016 and immediately implemented quasi-CON July 1, 2016"
new jersey,2021,1,1971-05-10T00:00:00Z,2025-07-17T00:00:00Z,N,NA,NA
new mexico,2021,0,1978-03-06T00:00:00Z,1981-01-01T00:00:00Z,N,NA,"Repealed CON, except for ambulance services"
new york,2021,1,1964-10-01T00:00:00Z,2025-07-17T00:00:00Z,N,NA,NA
north carolina,2021,1,1971-07-21T00:00:00Z,1973-03-28T00:00:00Z,Y,1979-01-01T00:00:00Z,NA
north dakota,2021,0,1971-03-27T00:00:00Z,1995-01-01T00:00:00Z,N,NA,NA
ohio,2021,1,1975-08-25T00:00:00Z,2025-07-17T00:00:00Z,N,NA,"Amendments added in March 15, 1979 and only regulates long-term care now"
oklahoma,2021,1,1971-04-08T00:00:00Z,2025-07-17T00:00:00Z,N,NA,"Repealed CON for Psychiatric and Chemical Dependency Facilities passed in 1989 on May 6, 2024"
oregon,2021,1,1971-07-01T00:00:00Z,2025-07-17T00:00:00Z,N,NA,NA
pennsylvania,2021,0,1979-10-01T00:00:00Z,1996-12-31T00:00:00Z,N,NA,"Original expiration date was December 31, 1992 but legislature extended law by 4-years"
rhode island,2021,1,1969-01-01T00:00:00Z,2025-07-17T00:00:00Z,N,NA,NA
south carolina,2021,1,1971-06-03T00:00:00Z,2025-07-17T00:00:00Z,N,NA,"CON laws subject to review January, 2027"
south dakota,2021,0,1972-02-09T00:00:00Z,1988-01-01T00:00:00Z,N,NA,NA
tennessee,2021,1,1973-07-01T00:00:00Z,2025-07-17T00:00:00Z,N,NA,NA
texas,2021,0,1971-05-26T00:00:00Z,1985-01-01T00:00:00Z,N,NA,NA
utah,2021,0,1979-05-08T00:00:00Z,1984-12-31T00:00:00Z,N,NA,NA
vermont,2021,1,1979-05-08T00:00:00Z,2025-07-17T00:00:00Z,N,NA,NA
virginia,2021,1,1973-03-09T00:00:00Z,2025-07-17T00:00:00Z,N,NA,NA
washington,2021,1,1979-05-11T00:00:00Z,2025-07-17T00:00:00Z,N,NA,NA
west virginia,2021,1,1977-07-08T00:00:00Z,2025-07-17T00:00:00Z,N,NA,NA
wisconsin,2021,1,1977-01-01T00:00:00Z,1987-08-06T00:00:00Z,Y,1992-05-12T00:00:00Z,"Reenacted approval process, “quasi-CON”"
wyoming,2021,1,1977-05-27T00:00:00Z,2025-07-17T00:00:00Z,N,NA,"Repealed CON in March 13, 1987, except for nursing homes"
alabama,2022,1,1979-07-30T00:00:00Z,2025-07-17T00:00:00Z,N,NA,NA
alaska,2022,1,1976-07-01T00:00:00Z,2025-07-17T00:00:00Z,N,NA,NA
arizona,2022,0,1975-06-12T00:00:00Z,1985-03-15T00:00:00Z,N,NA,Certificate of Necessity for ambulances passed in 1993
arkansas,2022,1,1975-03-25T00:00:00Z,1987-01-01T00:00:00Z,Y,1987-01-01T00:00:00Z,"Reinstated Permit of Approval program, more relaxed CON law"
california,2022,0,1976-09-09T00:00:00Z,1987-01-01T00:00:00Z,N,NA,NA
colorado,2022,0,1973-05-30T00:00:00Z,1987-07-01T00:00:00Z,N,NA,NA
connecticut,2022,1,1973-07-01T00:00:00Z,2025-07-17T00:00:00Z,N,NA,"CON for Long Term Care Facilities became effective July 1, 1993"
delaware,2022,1,1978-06-30T00:00:00Z,2025-07-17T00:00:00Z,N,NA,NA
florida,2022,1,1973-07-01T00:00:00Z,2025-07-17T00:00:00Z,N,NA,NA
georgia,2022,1,1979-07-01T00:00:00Z,2025-07-17T00:00:00Z,N,NA,NA
hawaii,2022,1,1975-07-01T00:00:00Z,2025-07-17T00:00:00Z,N,NA,NA
idaho,2022,0,1980-03-20T00:00:00Z,1983-07-01T00:00:00Z,N,NA,CON expired in 1983 but repealed in 2004
illinois,2022,1,1974-07-01T00:00:00Z,2025-07-17T00:00:00Z,N,NA,"CON laws subject to review December 31st, 2029"
indiana,2022,1,1980-01-01T00:00:00Z,1999-01-01T00:00:00Z,Y,2019-01-01T00:00:00Z,No CON laws in 1996; 2018 CON law only applies to nursing homes
iowa,2022,1,1978-07-01T00:00:00Z,2025-07-17T00:00:00Z,N,NA,NA
kansas,2022,0,1972-03-21T00:00:00Z,1985-04-23T00:00:00Z,N,NA,NA
kentucky,2022,1,1972-07-01T00:00:00Z,2025-07-17T00:00:00Z,N,NA,NA
louisiana,2022,1,1990-07-06T00:00:00Z,2025-07-17T00:00:00Z,N,NA,NA
maine,2022,1,1978-03-30T00:00:00Z,2025-07-17T00:00:00Z,N,NA,NA
maryland,2022,1,1968-01-01T00:00:00Z,2025-07-17T00:00:00Z,N,NA,NA
massachusetts,2022,1,1972-06-01T00:00:00Z,2025-07-17T00:00:00Z,N,NA,NA
michigan,2022,1,1972-08-08T00:00:00Z,2025-07-17T00:00:00Z,N,NA,NA
minnesota,2022,1,1971-07-01T00:00:00Z,2025-07-17T00:00:00Z,N,NA,"Hospital moratorium from 1984 to June 30, 1987; 2004 public review"
mississippi,2022,1,1979-07-01T00:00:00Z,2025-07-17T00:00:00Z,N,NA,NA
missouri,2022,1,1980-10-01T00:00:00Z,2025-07-17T00:00:00Z,N,NA,NA
montana,2022,1,1975-04-16T00:00:00Z,2025-07-17T00:00:00Z,N,NA,"Repealed CON in 2019, generally, except for long-term care facilities"
nebraska,2022,1,1979-05-22T00:00:00Z,2025-07-17T00:00:00Z,N,NA,NA
nevada,2022,1,1972-07-01T00:00:00Z,2025-07-17T00:00:00Z,N,NA,NA
new hampshire,2022,1,1979-07-01T00:00:00Z,2025-07-17T00:00:00Z,N,NA,"Repealed CON June 30, 2016 and immediately implemented quasi-CON July 1, 2016"
new jersey,2022,1,1971-05-10T00:00:00Z,2025-07-17T00:00:00Z,N,NA,NA
new mexico,2022,0,1978-03-06T00:00:00Z,1981-01-01T00:00:00Z,N,NA,"Repealed CON, except for ambulance services"
new york,2022,1,1964-10-01T00:00:00Z,2025-07-17T00:00:00Z,N,NA,NA
north carolina,2022,1,1971-07-21T00:00:00Z,1973-03-28T00:00:00Z,Y,1979-01-01T00:00:00Z,NA
north dakota,2022,0,1971-03-27T00:00:00Z,1995-01-01T00:00:00Z,N,NA,NA
ohio,2022,1,1975-08-25T00:00:00Z,2025-07-17T00:00:00Z,N,NA,"Amendments added in March 15, 1979 and only regulates long-term care now"
oklahoma,2022,1,1971-04-08T00:00:00Z,2025-07-17T00:00:00Z,N,NA,"Repealed CON for Psychiatric and Chemical Dependency Facilities passed in 1989 on May 6, 2024"
oregon,2022,1,1971-07-01T00:00:00Z,2025-07-17T00:00:00Z,N,NA,NA
pennsylvania,2022,0,1979-10-01T00:00:00Z,1996-12-31T00:00:00Z,N,NA,"Original expiration date was December 31, 1992 but legislature extended law by 4-years"
rhode island,2022,1,1969-01-01T00:00:00Z,2025-07-17T00:00:00Z,N,NA,NA
south carolina,2022,1,1971-06-03T00:00:00Z,2025-07-17T00:00:00Z,N,NA,"CON laws subject to review January, 2027"
south dakota,2022,0,1972-02-09T00:00:00Z,1988-01-01T00:00:00Z,N,NA,NA
tennessee,2022,1,1973-07-01T00:00:00Z,2025-07-17T00:00:00Z,N,NA,NA
texas,2022,0,1971-05-26T00:00:00Z,1985-01-01T00:00:00Z,N,NA,NA
utah,2022,0,1979-05-08T00:00:00Z,1984-12-31T00:00:00Z,N,NA,NA
vermont,2022,1,1979-05-08T00:00:00Z,2025-07-17T00:00:00Z,N,NA,NA
virginia,2022,1,1973-03-09T00:00:00Z,2025-07-17T00:00:00Z,N,NA,NA
washington,2022,1,1979-05-11T00:00:00Z,2025-07-17T00:00:00Z,N,NA,NA
west virginia,2022,1,1977-07-08T00:00:00Z,2025-07-17T00:00:00Z,N,NA,NA
wisconsin,2022,1,1977-01-01T00:00:00Z,1987-08-06T00:00:00Z,Y,1992-05-12T00:00:00Z,"Reenacted approval process, “quasi-CON”"
wyoming,2022,1,1977-05-27T00:00:00Z,2025-07-17T00:00:00Z,N,NA,"Repealed CON in March 13, 1987, except for nursing homes"
alabama,2023,1,1979-07-30T00:00:00Z,2025-07-17T00:00:00Z,N,NA,NA
alaska,2023,1,1976-07-01T00:00:00Z,2025-07-17T00:00:00Z,N,NA,NA
arizona,2023,0,1975-06-12T00:00:00Z,1985-03-15T00:00:00Z,N,NA,Certificate of Necessity for ambulances passed in 1993
arkansas,2023,1,1975-03-25T00:00:00Z,1987-01-01T00:00:00Z,Y,1987-01-01T00:00:00Z,"Reinstated Permit of Approval program, more relaxed CON law"
california,2023,0,1976-09-09T00:00:00Z,1987-01-01T00:00:00Z,N,NA,NA
colorado,2023,0,1973-05-30T00:00:00Z,1987-07-01T00:00:00Z,N,NA,NA
connecticut,2023,1,1973-07-01T00:00:00Z,2025-07-17T00:00:00Z,N,NA,"CON for Long Term Care Facilities became effective July 1, 1993"
delaware,2023,1,1978-06-30T00:00:00Z,2025-07-17T00:00:00Z,N,NA,NA
florida,2023,1,1973-07-01T00:00:00Z,2025-07-17T00:00:00Z,N,NA,NA
georgia,2023,1,1979-07-01T00:00:00Z,2025-07-17T00:00:00Z,N,NA,NA
hawaii,2023,1,1975-07-01T00:00:00Z,2025-07-17T00:00:00Z,N,NA,NA
idaho,2023,0,1980-03-20T00:00:00Z,1983-07-01T00:00:00Z,N,NA,CON expired in 1983 but repealed in 2004
illinois,2023,1,1974-07-01T00:00:00Z,2025-07-17T00:00:00Z,N,NA,"CON laws subject to review December 31st, 2029"
indiana,2023,1,1980-01-01T00:00:00Z,1999-01-01T00:00:00Z,Y,2019-01-01T00:00:00Z,No CON laws in 1996; 2018 CON law only applies to nursing homes
iowa,2023,1,1978-07-01T00:00:00Z,2025-07-17T00:00:00Z,N,NA,NA
kansas,2023,0,1972-03-21T00:00:00Z,1985-04-23T00:00:00Z,N,NA,NA
kentucky,2023,1,1972-07-01T00:00:00Z,2025-07-17T00:00:00Z,N,NA,NA
louisiana,2023,1,1990-07-06T00:00:00Z,2025-07-17T00:00:00Z,N,NA,NA
maine,2023,1,1978-03-30T00:00:00Z,2025-07-17T00:00:00Z,N,NA,NA
maryland,2023,1,1968-01-01T00:00:00Z,2025-07-17T00:00:00Z,N,NA,NA
massachusetts,2023,1,1972-06-01T00:00:00Z,2025-07-17T00:00:00Z,N,NA,NA
michigan,2023,1,1972-08-08T00:00:00Z,2025-07-17T00:00:00Z,N,NA,NA
minnesota,2023,1,1971-07-01T00:00:00Z,2025-07-17T00:00:00Z,N,NA,"Hospital moratorium from 1984 to June 30, 1987; 2004 public review"
mississippi,2023,1,1979-07-01T00:00:00Z,2025-07-17T00:00:00Z,N,NA,NA
missouri,2023,1,1980-10-01T00:00:00Z,2025-07-17T00:00:00Z,N,NA,NA
montana,2023,1,1975-04-16T00:00:00Z,2025-07-17T00:00:00Z,N,NA,"Repealed CON in 2019, generally, except for long-term care facilities"
nebraska,2023,1,1979-05-22T00:00:00Z,2025-07-17T00:00:00Z,N,NA,NA
nevada,2023,1,1972-07-01T00:00:00Z,2025-07-17T00:00:00Z,N,NA,NA
new hampshire,2023,1,1979-07-01T00:00:00Z,2025-07-17T00:00:00Z,N,NA,"Repealed CON June 30, 2016 and immediately implemented quasi-CON July 1, 2016"
new jersey,2023,1,1971-05-10T00:00:00Z,2025-07-17T00:00:00Z,N,NA,NA
new mexico,2023,0,1978-03-06T00:00:00Z,1981-01-01T00:00:00Z,N,NA,"Repealed CON, except for ambulance services"
new york,2023,1,1964-10-01T00:00:00Z,2025-07-17T00:00:00Z,N,NA,NA
north carolina,2023,1,1971-07-21T00:00:00Z,1973-03-28T00:00:00Z,Y,1979-01-01T00:00:00Z,NA
north dakota,2023,0,1971-03-27T00:00:00Z,1995-01-01T00:00:00Z,N,NA,NA
ohio,2023,1,1975-08-25T00:00:00Z,2025-07-17T00:00:00Z,N,NA,"Amendments added in March 15, 1979 and only regulates long-term care now"
oklahoma,2023,1,1971-04-08T00:00:00Z,2025-07-17T00:00:00Z,N,NA,"Repealed CON for Psychiatric and Chemical Dependency Facilities passed in 1989 on May 6, 2024"
oregon,2023,1,1971-07-01T00:00:00Z,2025-07-17T00:00:00Z,N,NA,NA
pennsylvania,2023,0,1979-10-01T00:00:00Z,1996-12-31T00:00:00Z,N,NA,"Original expiration date was December 31, 1992 but legislature extended law by 4-years"
rhode island,2023,1,1969-01-01T00:00:00Z,2025-07-17T00:00:00Z,N,NA,NA
south carolina,2023,1,1971-06-03T00:00:00Z,2025-07-17T00:00:00Z,N,NA,"CON laws subject to review January, 2027"
south dakota,2023,0,1972-02-09T00:00:00Z,1988-01-01T00:00:00Z,N,NA,NA
tennessee,2023,1,1973-07-01T00:00:00Z,2025-07-17T00:00:00Z,N,NA,NA
texas,2023,0,1971-05-26T00:00:00Z,1985-01-01T00:00:00Z,N,NA,NA
utah,2023,0,1979-05-08T00:00:00Z,1984-12-31T00:00:00Z,N,NA,NA
vermont,2023,1,1979-05-08T00:00:00Z,2025-07-17T00:00:00Z,N,NA,NA
virginia,2023,1,1973-03-09T00:00:00Z,2025-07-17T00:00:00Z,N,NA,NA
washington,2023,1,1979-05-11T00:00:00Z,2025-07-17T00:00:00Z,N,NA,NA
west virginia,2023,1,1977-07-08T00:00:00Z,2025-07-17T00:00:00Z,N,NA,NA
wisconsin,2023,1,1977-01-01T00:00:00Z,1987-08-06T00:00:00Z,Y,1992-05-12T00:00:00Z,"Reenacted approval process, “quasi-CON”"
wyoming,2023,1,1977-05-27T00:00:00Z,2025-07-17T00:00:00Z,N,NA,"Repealed CON in March 13, 1987, except for nursing homes"
alabama,2024,1,1979-07-30T00:00:00Z,2025-07-17T00:00:00Z,N,NA,NA
alaska,2024,1,1976-07-01T00:00:00Z,2025-07-17T00:00:00Z,N,NA,NA
arizona,2024,0,1975-06-12T00:00:00Z,1985-03-15T00:00:00Z,N,NA,Certificate of Necessity for ambulances passed in 1993
arkansas,2024,1,1975-03-25T00:00:00Z,1987-01-01T00:00:00Z,Y,1987-01-01T00:00:00Z,"Reinstated Permit of Approval program, more relaxed CON law"
california,2024,0,1976-09-09T00:00:00Z,1987-01-01T00:00:00Z,N,NA,NA
colorado,2024,0,1973-05-30T00:00:00Z,1987-07-01T00:00:00Z,N,NA,NA
connecticut,2024,1,1973-07-01T00:00:00Z,2025-07-17T00:00:00Z,N,NA,"CON for Long Term Care Facilities became effective July 1, 1993"
delaware,2024,1,1978-06-30T00:00:00Z,2025-07-17T00:00:00Z,N,NA,NA
florida,2024,1,1973-07-01T00:00:00Z,2025-07-17T00:00:00Z,N,NA,NA
georgia,2024,1,1979-07-01T00:00:00Z,2025-07-17T00:00:00Z,N,NA,NA
hawaii,2024,1,1975-07-01T00:00:00Z,2025-07-17T00:00:00Z,N,NA,NA
idaho,2024,0,1980-03-20T00:00:00Z,1983-07-01T00:00:00Z,N,NA,CON expired in 1983 but repealed in 2004
illinois,2024,1,1974-07-01T00:00:00Z,2025-07-17T00:00:00Z,N,NA,"CON laws subject to review December 31st, 2029"
indiana,2024,1,1980-01-01T00:00:00Z,1999-01-01T00:00:00Z,Y,2019-01-01T00:00:00Z,No CON laws in 1996; 2018 CON law only applies to nursing homes
iowa,2024,1,1978-07-01T00:00:00Z,2025-07-17T00:00:00Z,N,NA,NA
kansas,2024,0,1972-03-21T00:00:00Z,1985-04-23T00:00:00Z,N,NA,NA
kentucky,2024,1,1972-07-01T00:00:00Z,2025-07-17T00:00:00Z,N,NA,NA
louisiana,2024,1,1990-07-06T00:00:00Z,2025-07-17T00:00:00Z,N,NA,NA
maine,2024,1,1978-03-30T00:00:00Z,2025-07-17T00:00:00Z,N,NA,NA
maryland,2024,1,1968-01-01T00:00:00Z,2025-07-17T00:00:00Z,N,NA,NA
massachusetts,2024,1,1972-06-01T00:00:00Z,2025-07-17T00:00:00Z,N,NA,NA
michigan,2024,1,1972-08-08T00:00:00Z,2025-07-17T00:00:00Z,N,NA,NA
minnesota,2024,1,1971-07-01T00:00:00Z,2025-07-17T00:00:00Z,N,NA,"Hospital moratorium from 1984 to June 30, 1987; 2004 public review"
mississippi,2024,1,1979-07-01T00:00:00Z,2025-07-17T00:00:00Z,N,NA,NA
missouri,2024,1,1980-10-01T00:00:00Z,2025-07-17T00:00:00Z,N,NA,NA
montana,2024,1,1975-04-16T00:00:00Z,2025-07-17T00:00:00Z,N,NA,"Repealed CON in 2019, generally, except for long-term care facilities"
nebraska,2024,1,1979-05-22T00:00:00Z,2025-07-17T00:00:00Z,N,NA,NA
nevada,2024,1,1972-07-01T00:00:00Z,2025-07-17T00:00:00Z,N,NA,NA
new hampshire,2024,1,1979-07-01T00:00:00Z,2025-07-17T00:00:00Z,N,NA,"Repealed CON June 30, 2016 and immediately implemented quasi-CON July 1, 2016"
new jersey,2024,1,1971-05-10T00:00:00Z,2025-07-17T00:00:00Z,N,NA,NA
new mexico,2024,0,1978-03-06T00:00:00Z,1981-01-01T00:00:00Z,N,NA,"Repealed CON, except for ambulance services"
new york,2024,1,1964-10-01T00:00:00Z,2025-07-17T00:00:00Z,N,NA,NA
north carolina,2024,1,1971-07-21T00:00:00Z,1973-03-28T00:00:00Z,Y,1979-01-01T00:00:00Z,NA
north dakota,2024,0,1971-03-27T00:00:00Z,1995-01-01T00:00:00Z,N,NA,NA
ohio,2024,1,1975-08-25T00:00:00Z,2025-07-17T00:00:00Z,N,NA,"Amendments added in March 15, 1979 and only regulates long-term care now"
oklahoma,2024,1,1971-04-08T00:00:00Z,2025-07-17T00:00:00Z,N,NA,"Repealed CON for Psychiatric and Chemical Dependency Facilities passed in 1989 on May 6, 2024"
oregon,2024,1,1971-07-01T00:00:00Z,2025-07-17T00:00:00Z,N,NA,NA
pennsylvania,2024,0,1979-10-01T00:00:00Z,1996-12-31T00:00:00Z,N,NA,"Original expiration date was December 31, 1992 but legislature extended law by 4-years"
rhode island,2024,1,1969-01-01T00:00:00Z,2025-07-17T00:00:00Z,N,NA,NA
south carolina,2024,1,1971-06-03T00:00:00Z,2025-07-17T00:00:00Z,N,NA,"CON laws subject to review January, 2027"
south dakota,2024,0,1972-02-09T00:00:00Z,1988-01-01T00:00:00Z,N,NA,NA
tennessee,2024,1,1973-07-01T00:00:00Z,2025-07-17T00:00:00Z,N,NA,NA
texas,2024,0,1971-05-26T00:00:00Z,1985-01-01T00:00:00Z,N,NA,NA
utah,2024,0,1979-05-08T00:00:00Z,1984-12-31T00:00:00Z,N,NA,NA
vermont,2024,1,1979-05-08T00:00:00Z,2025-07-17T00:00:00Z,N,NA,NA
virginia,2024,1,1973-03-09T00:00:00Z,2025-07-17T00:00:00Z,N,NA,NA
washington,2024,1,1979-05-11T00:00:00Z,2025-07-17T00:00:00Z,N,NA,NA
west virginia,2024,1,1977-07-08T00:00:00Z,2025-07-17T00:00:00Z,N,NA,NA
wisconsin,2024,1,1977-01-01T00:00:00Z,1987-08-06T00:00:00Z,Y,1992-05-12T00:00:00Z,"Reenacted approval process, “quasi-CON”"
wyoming,2024,1,1977-05-27T00:00:00Z,2025-07-17T00:00:00Z,N,NA,"Repealed CON in March 13, 1987, except for nursing homes"
